-- phpMyAdmin SQL Dump
-- version 4.0.10.7
-- http://www.phpmyadmin.net
--
-- Host: localhost:3306
-- Generation Time: Mar 16, 2016 at 10:29 AM
-- Server version: 5.5.47-cll
-- PHP Version: 5.4.31

SET SQL_MODE = "NO_AUTO_VALUE_ON_ZERO";
SET time_zone = "+00:00";


/*!40101 SET @OLD_CHARACTER_SET_CLIENT=@@CHARACTER_SET_CLIENT */;
/*!40101 SET @OLD_CHARACTER_SET_RESULTS=@@CHARACTER_SET_RESULTS */;
/*!40101 SET @OLD_COLLATION_CONNECTION=@@COLLATION_CONNECTION */;
/*!40101 SET NAMES utf8 */;

--
-- Database: `swimpedi_app_ios`
--

-- --------------------------------------------------------

--
-- Table structure for table `access_tokens`
--

CREATE TABLE IF NOT EXISTS `access_tokens` (
  `oauth_token` varchar(40) NOT NULL,
  `client_id` char(36) NOT NULL,
  `user_id` int(11) unsigned NOT NULL,
  `expires` int(11) NOT NULL,
  `scope` varchar(255) DEFAULT NULL,
  PRIMARY KEY (`oauth_token`)
) ENGINE=MyISAM DEFAULT CHARSET=utf8;

-- --------------------------------------------------------

--
-- Table structure for table `answers`
--

CREATE TABLE IF NOT EXISTS `answers` (
  `id` int(11) NOT NULL AUTO_INCREMENT,
  `question_id` int(11) NOT NULL,
  `answer` text CHARACTER SET utf8 COLLATE utf8_unicode_ci NOT NULL,
  `right_question` varchar(255) NOT NULL,
  `status` int(11) NOT NULL DEFAULT '1',
  PRIMARY KEY (`id`)
) ENGINE=InnoDB  DEFAULT CHARSET=latin1 AUTO_INCREMENT=391 ;

--
-- Dumping data for table `answers`
--

INSERT INTO `answers` (`id`, `question_id`, `answer`, `right_question`, `status`) VALUES
(1, 1, '14 March 1978', '1', 1),
(2, 1, '15 March 1977', '0', 1),
(3, 1, '16 March 1976', '0', 1),
(4, 1, '17 March 1981', '0', 1),
(5, 1, '14 April 1978', '0', 1),
(6, 1, '19 March 1978', '0', 1),
(7, 2, 'Maastricht, Limburg, Netherlands', '1', 1),
(8, 2, 'Scotland', '0', 1),
(9, 2, 'Iceland', '0', 1),
(10, 2, 'Poland', '0', 1),
(11, 2, 'NewZealand', '0', 1),
(12, 2, 'Australia', '0', 1),
(13, 3, 'Pieter Cornelis Martijn van den Hoogenband', '1', 1),
(14, 3, 'Pieter Martijn van den Hoogenband', '0', 1),
(15, 3, 'Pieter Cornelis van den Hoogenband', '0', 1),
(16, 3, 'Pieter Aldert van den Hoogenband', '0', 1),
(17, 3, 'Pieter Arend Martijn van den Hoogenband', '0', 1),
(18, 3, 'Pieter Aart Martijn van den Hoogenband', '0', 1),
(19, 4, 'The Dutch Dolphin', '1', 1),
(20, 4, 'Van', '0', 1),
(21, 4, 'Dutchie', '0', 1),
(22, 4, 'Hoogen', '0', 1),
(23, 4, 'White Dolphin', '0', 1),
(24, 4, 'Black Shark', '0', 1),
(25, 5, 'Minouche Smit', '1', 1),
(26, 5, 'Valéria Gyenge', '0', 1),
(27, 5, 'Ginny Duenkel', '0', 1),
(28, 5, 'Novella Calligaris', '0', 1),
(29, 5, 'Petra Schneider', '0', 1),
(30, 5, 'Carmela Schmidt', '0', 1),
(31, 6, '2', '1', 1),
(32, 6, '3', '0', 1),
(33, 6, '1', '0', 1),
(34, 6, '4', '0', 1),
(35, 6, '5', '0', 1),
(36, 6, '7', '0', 1),
(37, 7, '7', '1', 1),
(38, 7, '6', '0', 1),
(39, 7, '4', '0', 1),
(40, 7, '8', '0', 1),
(41, 7, '11', '0', 1),
(42, 7, '14', '0', 1),
(43, 8, '10', '1', 1),
(44, 8, '9', '0', 1),
(45, 8, '8', '0', 1),
(46, 8, '7', '0', 1),
(47, 8, '11', '0', 1),
(48, 8, '18', '0', 1),
(49, 9, '3', '1', 1),
(50, 9, '2', '0', 1),
(51, 9, '0', '0', 1),
(52, 9, '1', '0', 1),
(53, 9, '8', '0', 1),
(54, 9, '7', '0', 1),
(55, 10, '4', '1', 1),
(56, 10, '3', '0', 1),
(57, 10, '5', '0', 1),
(58, 10, '6', '0', 1),
(59, 10, '12', '0', 1),
(60, 10, '10', '0', 1),
(61, 11, '19', '1', 1),
(62, 11, '18', '0', 1),
(63, 11, '20', '0', 1),
(64, 11, '21', '0', 1),
(65, 11, '26', '0', 1),
(66, 11, '13', '0', 1),
(67, 12, '15', '1', 1),
(68, 12, '14', '0', 1),
(69, 12, '26', '0', 1),
(70, 12, '31', '0', 1),
(71, 12, '8', '0', 1),
(72, 12, '16', '0', 1),
(73, 13, '1932 LA', '1', 1),
(74, 13, '1928 Amsterdam', '0', 1),
(75, 13, '1924 Paris', '0', 1),
(76, 13, '1920 Antwerp', '0', 1),
(77, 13, '1936 Berlin', '0', 1),
(78, 13, '1948 London', '0', 1),
(79, 14, '1948 London', '1', 1),
(80, 14, '1952 Helsinki', '0', 1),
(81, 14, '1956 Melbourne', '0', 1),
(82, 14, '1960 Rome', '0', 1),
(83, 14, '1936 Berlin', '0', 1),
(84, 14, '1928 Amsterdam', '0', 1),
(85, 15, 'Johnny Weissmuller', '1', 1),
(86, 15, 'Jon Sieben', '0', 1),
(87, 15, 'Mike Bruner', '0', 1),
(88, 15, 'Carl Robie', '0', 1),
(89, 15, 'Lars Frolander', '0', 1),
(90, 15, 'John Davies', '0', 1),
(91, 16, 'Johnny Weissmuller', '1', 1),
(92, 16, 'Johnny Weissmuller', '0', 1),
(93, 16, 'Henry Sullivan', '0', 1),
(94, 16, 'Henry Sullivan', '0', 1),
(95, 16, 'Kevin Berry', '0', 1),
(96, 16, 'Charles de Venderville', '0', 1),
(97, 17, 'Henry Sullivan', '1', 1),
(98, 17, 'Mike Bruner', '0', 1),
(99, 17, 'Masaru Furukawa', '0', 1),
(100, 17, 'David Wilkie', '0', 1),
(101, 17, 'Nelson Diebel', '0', 1),
(102, 17, 'Martin Lopez-Zubero', '0', 1),
(103, 18, '1900 Paris', '1', 1),
(104, 18, '1896 Athens', '0', 1),
(105, 18, '1904 St. Louis', '0', 1),
(106, 18, '1908 London', '0', 1),
(107, 18, '1912 Stockholm', '0', 1),
(108, 18, '1928 Amsterdam', '0', 1),
(109, 19, 'Charles de Venderville', '1', 1),
(110, 19, 'Mike Bruner', '0', 1),
(111, 19, 'Johnny Weissmuller', '0', 1),
(112, 19, 'Johnny Weissmuller', '0', 1),
(113, 19, 'Laurie Lawrence', '0', 1),
(114, 19, 'Fred Newton', '0', 1),
(115, 20, 'Freestyle', '1', 1),
(116, 20, 'Breaststroke', '0', 1),
(117, 20, 'Backstroke', '0', 1),
(118, 20, 'Butterfly Stroke', '0', 1),
(119, 20, 'Sidestroke', '0', 1),
(120, 20, 'Elementary Backstroke', '0', 1),
(121, 21, 'Breastroke', '1', 1),
(122, 21, 'Freestyle', '0', 1),
(123, 21, 'Backstroke', '0', 1),
(124, 21, 'Butterfly Stroke', '0', 1),
(125, 21, 'Sidestroke', '0', 1),
(126, 21, 'Elementary Backstroke', '0', 1),
(127, 22, 'Starting blocks', '1', 1),
(128, 22, 'Ending blocks', '0', 1),
(129, 22, 'Opening blocks', '0', 1),
(130, 22, 'New blocks', '0', 1),
(131, 22, 'Front blocks', '0', 1),
(132, 22, 'Upper blocks', '0', 1),
(133, 23, 'Meters and Yards', '1', 1),
(134, 23, 'Meters and Centimeters', '0', 1),
(135, 23, 'Yards and Foot', '0', 1),
(136, 23, 'Yards and Inches', '0', 1),
(137, 23, 'Meters and Miles', '0', 1),
(138, 23, 'Meters and Inches', '0', 1),
(139, 24, '8', '1', 1),
(140, 24, '5', '0', 1),
(141, 24, '4', '0', 1),
(142, 24, '11', '0', 1),
(143, 24, '9', '0', 1),
(144, 24, '6', '0', 1),
(145, 25, 'Freestyle and backstroke', '1', 1),
(146, 25, 'Breaststroke and Butterfly Stroke', '0', 1),
(147, 25, 'Freestyle and Sidestroke', '0', 1),
(148, 25, 'Backstroke and Freestyle', '0', 1),
(149, 25, 'Freestyle and Breaststroke ', '0', 1),
(150, 25, 'Only Freestyle', '0', 1),
(151, 26, 'The swimmer is disqualified except in Freestyle', '1', 1),
(152, 26, 'Nothing Happens', '0', 1),
(153, 26, 'The Swimmer Will be Warned 2 times', '0', 1),
(154, 26, 'The Swimmer Will be Warned only 1 time', '0', 1),
(155, 26, 'The Swimmer Will be banned temporarily', '0', 1),
(156, 26, 'The Swimmer Will be banned permanently', '0', 1),
(157, 27, 'Freestyle', '1', 1),
(158, 27, 'Breaststroke', '0', 1),
(159, 27, 'Backstroke', '0', 1),
(160, 27, 'Butterfly Stroke', '0', 1),
(161, 27, 'Sidestroke', '0', 1),
(162, 27, 'Elementary Backstroke', '0', 1),
(163, 28, 'Flip', '1', 1),
(164, 28, 'Open turn', '0', 1),
(165, 28, 'Backwards flip turn', '0', 1),
(166, 28, 'Suicide turn', '0', 1),
(167, 28, 'Turntable turn', '0', 1),
(168, 28, 'Close turn', '0', 1),
(169, 29, 'Surface dive', '1', 1),
(170, 29, 'Reverse dive', '0', 1),
(171, 29, 'Forward dive', '0', 1),
(172, 29, 'Twisting dive', '0', 1),
(173, 29, 'Inward dive', '0', 1),
(174, 29, 'Back dive', '0', 1),
(175, 30, 'Fred Newton', '1', 1),
(176, 30, 'Johnny Weissmuller', '0', 1),
(177, 30, 'Henry Sullivan', '0', 1),
(178, 30, 'Henry Sullivan', '0', 1),
(179, 30, 'Kevin Berry', '0', 1),
(180, 30, 'Charles de Venderville', '0', 1),
(181, 31, 'To minimize drag', '1', 1),
(182, 31, 'Fashion', '0', 1),
(183, 31, 'To make people skinnier', '0', 1),
(184, 31, 'They are comfortable', '0', 1),
(185, 31, 'They are the least expensive', '0', 1),
(186, 31, 'They are slower', '0', 1),
(187, 32, 'Butterfly, Backstroke, Breaststroke, Freestyle', '1', 1),
(188, 32, 'Backstroke, Breaststroke, Freestyle, Butterfly', '0', 1),
(189, 32, 'Freestyle, Butterfly, Backstroke, Breaststroke', '0', 1),
(190, 32, 'Breaststroke, Butterfly, Backstroke,Freestyle', '0', 1),
(191, 32, 'Freestyle, Breaststroke, Butterfly,Backstroke', '0', 1),
(192, 32, 'Butterfly, Freestyle, Backstroke, Breaststroke', '0', 1),
(193, 33, 'Speedo', '1', 1),
(194, 33, 'Dolfin Swimwear', '0', 1),
(195, 33, 'Hurley International', '0', 1),
(196, 33, 'Seafolly', '0', 1),
(197, 33, 'Watersun Swimwear', '0', 1),
(198, 33, 'Venus Swimwear', '0', 1),
(199, 34, 'Breastroke', '1', 1),
(200, 34, 'Breakstroke', '0', 1),
(201, 34, 'Backstroke', '0', 1),
(202, 34, 'Butterfly Stroke', '0', 1),
(203, 34, 'Sidestroke', '0', 1),
(204, 34, 'Elementary Backstroke', '0', 1),
(205, 35, '50 meters', '1', 1),
(206, 35, '60 meters', '0', 1),
(207, 35, '70 meters', '0', 1),
(208, 35, '55 meters', '0', 1),
(209, 35, '72 meters', '0', 1),
(210, 35, '59 meters', '0', 1),
(211, 36, '75-84.2 F', '1', 1),
(212, 36, '84.2-90 F', '0', 1),
(213, 36, '75-85 F', '0', 1),
(214, 36, '70-80 F', '0', 1),
(215, 36, '65-84.2 F', '0', 1),
(216, 36, '75-80 F', '0', 1),
(217, 37, '1976 Montreal', '1', 1),
(218, 37, '1972 Munich', '0', 1),
(219, 37, '1980 Moscow', '0', 1),
(220, 37, '1984 Los Angeles', '0', 1),
(221, 37, '1960 Rome', '0', 1),
(222, 37, '1932 Los Angeles', '0', 1),
(223, 38, 'Leigh Ann Fetter', '1', 1),
(224, 38, 'Angel Martino', '0', 1),
(225, 38, 'Dara Torres', '0', 1),
(226, 38, ' Eleanor Saville', '0', 1),
(227, 38, ' Gisela Arendt', '0', 1),
(228, 38, 'Enith Brigitha', '0', 1),
(229, 39, 'Helene Madison', '1', 1),
(230, 39, 'Zhuang Yong', '0', 1),
(231, 39, 'Sandy Neilson', '0', 1),
(232, 39, 'Katalin Sz_ke', '0', 1),
(233, 39, 'Fanny Durack', '0', 1),
(234, 39, 'Britta Steffen', '0', 1),
(235, 40, '1896', '1', 1),
(236, 40, '1897', '0', 1),
(237, 40, '1904', '0', 1),
(238, 40, '1900', '0', 1),
(239, 40, '1908', '0', 1),
(240, 40, '1912', '0', 1),
(241, 41, '1912 Stockholm, Sweden', '1', 1),
(242, 41, '1908 London', '0', 1),
(243, 41, '1920 Antwerp', '0', 1),
(244, 41, '1904 St. Louis', '0', 1),
(245, 41, '1896 Athens', '0', 1),
(246, 41, '1928 Amsterdam', '0', 1),
(247, 42, 'Florida', '1', 1),
(248, 42, 'Alabama', '0', 1),
(249, 42, 'Washington', '0', 1),
(250, 42, 'Indiana', '0', 1),
(251, 42, 'California', '0', 1),
(252, 42, 'Arizona', '0', 1),
(253, 43, '139.8 miles', '1', 1),
(254, 43, '140 miles', '0', 1),
(255, 43, '138 miles', '0', 1),
(256, 43, '135.8 miles', '0', 1),
(257, 43, '139.2 miles', '0', 1),
(258, 43, '142.5 miles', '0', 1),
(259, 44, 'Veljko Rogosic', '1', 1),
(260, 44, 'Carl Robie', '0', 1),
(261, 44, 'Lars Frolander', '0', 1),
(262, 44, 'Matt Vogel', '0', 1),
(263, 44, 'John Davies', '0', 1),
(264, 44, 'Tetsuo Hamuro', '0', 1),
(265, 45, 'Russian', '1', 1),
(266, 45, 'Finnish', '0', 1),
(267, 45, 'Hungarian', '0', 1),
(268, 45, 'Italian', '0', 1),
(269, 45, 'German', '0', 1),
(270, 45, 'Australian', '0', 1),
(271, 46, '2', '1', 1),
(272, 46, '3', '0', 1),
(273, 46, '1', '0', 1),
(274, 46, '5', '0', 1),
(275, 46, '7', '0', 1),
(276, 46, '12', '0', 1),
(277, 47, '1996 Atlanta', '1', 1),
(278, 47, '2000 Sydney', '0', 1),
(279, 47, '1992 Barcelona', '0', 1),
(280, 47, '2004 Athens', '0', 1),
(281, 47, '1984 Los Angeles', '0', 1),
(282, 47, '1980 Moscow', '0', 1),
(283, 48, '1996 Atlanta', '1', 1),
(284, 48, '2000 Sydney', '0', 1),
(285, 48, '1992 Barcelona', '0', 1),
(286, 48, '2004 Athens', '0', 1),
(287, 48, '1984 Los Angeles', '0', 1),
(288, 48, '1980 Moscow', '0', 1),
(289, 49, '1994 Rome', '1', 1),
(290, 49, '1991 Perth', '0', 1),
(291, 49, '1998 Perth', '0', 1),
(292, 49, '2001 Fukuoka', '0', 1),
(293, 49, '2003 Barcelona', '0', 1),
(294, 49, '2005 Montreal', '0', 1),
(295, 50, '5', '1', 1),
(296, 50, '4', '0', 1),
(297, 50, '3', '0', 1),
(298, 50, '8', '0', 1),
(299, 50, '7', '0', 1),
(300, 50, '0', '0', 1),
(301, 51, '2002', '1', 1),
(302, 51, '2008', '0', 1),
(303, 51, '2003', '0', 1),
(304, 51, '2001', '0', 1),
(305, 51, '1998', '0', 1),
(306, 51, '1995', '0', 1),
(307, 52, '2000 Sydney', '1', 1),
(308, 52, '2004 Athens', '0', 1),
(309, 52, '2008 Beijing', '0', 1),
(310, 52, '2012 London', '0', 1),
(311, 52, '1996 Atlanta', '0', 1),
(312, 52, '1988 Seoul', '0', 1),
(313, 53, '2000 Sydney', '1', 1),
(314, 53, '2008 Beijing', '0', 1),
(315, 53, '2004 Athens', '0', 1),
(316, 53, '1988 Seoul', '0', 1),
(317, 53, '2012 London', '0', 1),
(318, 53, '1996 Atlanta', '0', 1),
(319, 54, 'Two', '1', 1),
(320, 54, 'One', '0', 1),
(321, 54, 'Zero', '0', 1),
(322, 54, 'Five', '0', 1),
(323, 54, 'Seven', '0', 1),
(324, 54, 'Nine', '0', 1),
(325, 55, '2000 Athens', '1', 1),
(326, 55, '2002 Moscow', '0', 1),
(327, 55, '2004 Indianapolis', '0', 1),
(328, 55, '2006 Shanghai', '0', 1),
(329, 55, '1999 Hong Kong', '0', 1),
(330, 55, '1997 Gothenburg', '0', 1),
(331, 56, 'Leisel Jones and Amanda Beard', '1', 1),
(332, 56, 'Rebecca Adlington and Britta Steffen', '0', 1),
(333, 56, 'Eleanor Garatti and Hannie Termeulen', '0', 1),
(334, 56, 'Faith Leech and Natalie Steward', '0', 1),
(335, 56, 'Barbara Krause and Annemarie Verstappen', '0', 1),
(336, 56, 'Lorraine Crapp and Greta Andersen', '0', 1),
(337, 57, 'False(Jodie Henry won Silver)', '1', 1),
(338, 57, '', '0', 1),
(339, 57, '', '0', 1),
(340, 57, '', '0', 1),
(341, 57, '', '0', 1),
(342, 57, '', '0', 1),
(343, 58, 'USA (G), Germany (S), Australia (B)', '1', 1),
(344, 58, 'Germany (G), USA (S), Australia (B)', '0', 1),
(345, 58, 'USA (G), Asutralia (S), Germany (B)', '0', 1),
(346, 58, 'Australia (G), Germany (S), USA (B)', '0', 1),
(347, 58, 'Tie for first', '0', 1),
(348, 58, 'No one won a medal', '0', 1),
(349, 59, 'Matt Welsh', '1', 1),
(350, 59, 'Frédérik Deburghgraeve (BEL)', '0', 1),
(351, 59, 'Brendan Hansen (USA)', '0', 1),
(352, 59, 'Alexander Dale Oen (NOR)', '0', 1),
(353, 59, 'Cameron van der Burgh (RSA)', '0', 1),
(354, 59, 'Aaron Peirsol (USA)', '0', 1),
(355, 60, '2', '1', 1),
(356, 60, '1', '0', 1),
(357, 60, '5', '0', 1),
(358, 60, '9', '0', 1),
(359, 60, '4', '0', 1),
(360, 60, '11', '0', 1),
(361, 61, 'Inge de Bruijn (G), Alice Mills (S), Lisbeth Lenton (B)', '1', 1),
(362, 61, '', '0', 1),
(363, 61, '', '0', 1),
(364, 61, '', '0', 1),
(365, 61, '', '0', 1),
(366, 61, '', '0', 1),
(367, 62, '3', '1', 1),
(368, 62, '4', '0', 1),
(369, 62, '1', '0', 1),
(370, 62, '6', '0', 1),
(371, 62, '7', '0', 1),
(372, 62, '14', '0', 1),
(373, 63, 'Russia', '1', 1),
(374, 63, 'Finland', '0', 1),
(375, 63, 'Denamark', '0', 1),
(376, 63, 'Norway', '0', 1),
(377, 63, 'China', '0', 1),
(378, 63, 'Serbia', '0', 1),
(379, 64, 'None, they had no relay', '1', 1),
(380, 64, 'Otto Wahle (AUT)', '0', 1),
(381, 64, 'Peter Kemp (GBR)', '0', 1),
(382, 64, 'Charles de Vendeville (FRA)', '0', 1),
(383, 64, 'Peder Lykkeberg (DEN)', '0', 1),
(384, 64, 'Alex Baumann (CAN)', '0', 1),
(385, 65, 'Steven', '1', 1),
(386, 65, 'Scott', '0', 1),
(387, 65, 'Strickland', '0', 1),
(388, 65, 'Stamos', '0', 1),
(389, 65, 'Samuel', '0', 1),
(390, 65, 'Suave', '0', 1);

-- --------------------------------------------------------

--
-- Table structure for table `auth_codes`
--

CREATE TABLE IF NOT EXISTS `auth_codes` (
  `code` varchar(40) NOT NULL,
  `client_id` char(36) NOT NULL,
  `user_id` int(11) unsigned NOT NULL,
  `redirect_uri` varchar(200) NOT NULL,
  `expires` int(11) NOT NULL,
  `scope` varchar(255) DEFAULT NULL,
  PRIMARY KEY (`code`)
) ENGINE=MyISAM DEFAULT CHARSET=utf8;

-- --------------------------------------------------------

--
-- Table structure for table `customer_questions`
--

CREATE TABLE IF NOT EXISTS `customer_questions` (
  `id` int(11) NOT NULL AUTO_INCREMENT,
  `question` varchar(255) CHARACTER SET utf8 COLLATE utf8_unicode_ci NOT NULL,
  PRIMARY KEY (`id`)
) ENGINE=MyISAM  DEFAULT CHARSET=latin1 AUTO_INCREMENT=151 ;

--
-- Dumping data for table `customer_questions`
--

INSERT INTO `customer_questions` (`id`, `question`) VALUES
(13, 'Type Question here'),
(14, 'Who won mixed doubles Wimbledon slam 2015?'),
(15, 'Who won mixed doubles Wimbledon slam 2015?'),
(16, 'Khgghjjghjhg'),
(17, 'Sjat is Tour name"'),
(18, 'gurudutt is a ?'),
(19, 'Colour of your blood ?'),
(20, 'Colour of your blood ?'),
(21, 'Colour of your blood ?'),
(22, 'Colour of your blood ?'),
(23, 'Color of your blood?'),
(24, 'Color of your blood?'),
(25, 'Color of your blood?'),
(26, 'Color of your blood?'),
(27, 'Color of your blood?'),
(28, 'Color of your blood?'),
(29, 'Color of your blood?'),
(30, 'Color of your blood?'),
(31, 'Color of your blood?'),
(32, 'Color of your blood?'),
(33, 'Color of your blood?'),
(34, 'Color of your blood?'),
(35, 'Color of your blood?'),
(36, 'Color of your blood?'),
(37, 'Color of your blood?'),
(38, 'Color of your blood?'),
(39, 'Color of your blood?'),
(40, 'Color of your blood?'),
(41, 'Color of your blood?'),
(42, 'Color of your blood?'),
(43, 'Color of your blood?'),
(44, 'Color of your blood?'),
(45, 'Color of your blood?'),
(46, 'Color of your blood?'),
(47, 'Color of your blood?'),
(48, 'Color of your blood?'),
(49, 'Color of your blood?'),
(50, 'Color of your blood?'),
(51, 'Color of your blood?'),
(52, 'Color of your blood?'),
(53, 'Color of your blood?'),
(54, 'Color of your blood?'),
(55, 'Color of your blood?'),
(56, 'Color of your blood?'),
(57, 'Color of your blood?'),
(58, 'Color of your blood?'),
(59, 'Color of your blood?'),
(60, 'Color of your blood?'),
(61, 'Color of your blood?'),
(62, 'Color of your blood?'),
(63, 'Color of your blood?'),
(64, 'Color of your blood?'),
(65, 'Color of your blood?'),
(66, 'Color of your blood?'),
(67, 'Color of your blood?'),
(68, 'Color of your blood?'),
(69, 'Color of your blood?'),
(70, 'Color of your blood?'),
(71, 'Color of your blood?'),
(72, 'Color of your blood?'),
(73, 'Color of your blood?'),
(74, 'Color of your blood?'),
(75, 'Color of your blood?'),
(76, 'Color of your blood?'),
(77, 'Color of your blood?'),
(78, 'Color of your blood?'),
(79, 'Color of your blood?'),
(80, 'Color of your blood?'),
(81, 'Color of your blood?'),
(82, 'Color of your blood?'),
(83, 'Color of your blood?'),
(84, 'Color of your blood?'),
(85, 'Color of your blood?'),
(86, 'Color of your blood?'),
(87, 'Color of your blood?'),
(88, 'Color of your blood?'),
(89, 'Color of your blood?'),
(90, 'Color of your blood?'),
(91, 'Color of your blood?'),
(92, 'Color of your blood?'),
(93, 'Color of your blood?'),
(94, 'color of your blood ?'),
(95, 'Color of your blood?'),
(96, 'Color of your blood?'),
(97, 'Color of your blood?'),
(98, 'Color of your blood?'),
(99, 'Color of your blood?'),
(100, 'Color of your blood?'),
(101, 'Color of your blood?'),
(102, 'Color of your blood?'),
(103, 'Color of your blood?'),
(104, 'Color of your blood?'),
(105, 'Color of your blood?'),
(106, 'Color of ur blood'),
(107, 'Color of ur blood'),
(108, 'color of ur blood'),
(109, 'Where do swimmers go when they are done?'),
(110, 'Where do swimmers go when they are done?'),
(111, 'Where do swimmers go when they are done?'),
(112, 'WHO won Wimbledon 2015?'),
(113, 'WHO won Wimbledon 2015?'),
(114, 'Type Question here'),
(115, 'Type Question here'),
(116, 'Type Question here'),
(119, 'trun from ?'),
(120, 'trun from ?'),
(121, 'How are you ? '),
(122, 'How are you ? '),
(123, 'How are you ? '),
(124, 'How are you ? '),
(125, 'How are you ?'),
(126, 'Type Question here'),
(127, 'The quested do '),
(128, 'The quested do '),
(129, 'The quested do '),
(130, 'The quested do '),
(131, 'The quested do '),
(132, 'Sun rises from tre east ?'),
(133, 'Kblbklklblkbbkl'),
(134, 'Kblbklklblkbbkl'),
(135, 'Kblbklklblkbbkl'),
(136, 'color of ur blood'),
(137, 'color of ur blood'),
(138, 'color of ur blood'),
(139, 'color of ur blood'),
(140, 'color of ur blood'),
(141, ''),
(142, 'how are you ?'),
(143, 'Who won Wimbledon 2015?'),
(144, 'Who won Wimbledon 2015?'),
(145, 'Who won Wimbledon 2015?'),
(146, 'Who won Wimbledon 2015?'),
(147, 'Who won Wimbledon 2015?'),
(148, 'Who won Wimbledon 2015?'),
(149, 'color of ur blood'),
(150, 'trun from ?');

-- --------------------------------------------------------

--
-- Table structure for table `customer_question_answers`
--

CREATE TABLE IF NOT EXISTS `customer_question_answers` (
  `id` int(11) NOT NULL AUTO_INCREMENT,
  `question_id` int(11) NOT NULL,
  `answer` varchar(255) CHARACTER SET utf8 COLLATE utf8_unicode_ci NOT NULL,
  `right_question` int(11) NOT NULL,
  PRIMARY KEY (`id`)
) ENGINE=MyISAM  DEFAULT CHARSET=latin1 AUTO_INCREMENT=628 ;

--
-- Dumping data for table `customer_question_answers`
--

INSERT INTO `customer_question_answers` (`id`, `question_id`, `answer`, `right_question`) VALUES
(67, 13, 'For Eg. AnswerOne', 1),
(68, 13, 'Answer2', 0),
(69, 13, 'Answer3', 0),
(70, 13, 'Answer4', 0),
(71, 14, 'For Eg. AnswerOne', 1),
(72, 14, 'Answer2', 0),
(73, 14, 'Answer3', 0),
(74, 14, 'Answer4Sania mirza, Sharapova', 0),
(75, 15, 'For Eg. AnswerOne', 1),
(76, 15, 'Answer2', 0),
(77, 15, 'Answer3', 0),
(78, 15, 'Answer4Sania mirza, Sharapova', 0),
(79, 16, 'For Eg. AnswerOne', 1),
(80, 16, 'Answer2', 0),
(81, 16, 'Answer3', 0),
(82, 16, 'Answer4vchjgjhg', 0),
(83, 17, 'Rd', 1),
(84, 17, 'FF', 0),
(85, 17, 'FF', 0),
(86, 17, 'tt', 0),
(87, 18, 'sharma', 1),
(88, 18, 'gupta', 0),
(89, 18, 'verma', 0),
(90, 18, 'tyagi', 0),
(91, 18, 'ram', 0),
(92, 18, 'syam', 0),
(93, 19, 'Red', 1),
(94, 19, 'green', 0),
(95, 19, 'yellow', 0),
(96, 19, 'white', 0),
(97, 20, 'Red', 1),
(98, 20, 'green', 0),
(99, 20, 'yellow', 0),
(100, 20, 'white', 0),
(101, 21, 'Red', 1),
(102, 21, 'green', 0),
(103, 21, 'yellow', 0),
(104, 21, 'white', 0),
(105, 22, 'Red', 1),
(106, 22, 'green', 0),
(107, 22, 'yellow', 0),
(108, 22, 'white', 0),
(109, 23, 'Red', 1),
(110, 23, 'color', 0),
(111, 23, 'yellow', 0),
(112, 23, 'White', 0),
(113, 24, 'Red', 1),
(114, 24, 'color', 0),
(115, 24, 'yellow', 0),
(116, 24, 'White', 0),
(117, 25, 'Red', 1),
(118, 25, 'color', 0),
(119, 25, 'yellow', 0),
(120, 25, 'White', 0),
(121, 26, 'Red', 1),
(122, 26, 'color', 0),
(123, 26, 'yellow', 0),
(124, 26, 'White', 0),
(125, 27, 'Red', 1),
(126, 27, 'color', 0),
(127, 27, 'yellow', 0),
(128, 27, 'White', 0),
(129, 28, 'Red', 1),
(130, 28, 'color', 0),
(131, 28, 'yellow', 0),
(132, 28, 'White', 0),
(133, 29, 'Red', 1),
(134, 29, 'color', 0),
(135, 29, 'yellow', 0),
(136, 29, 'White', 0),
(137, 30, 'Red', 1),
(138, 30, 'color', 0),
(139, 30, 'yellow', 0),
(140, 30, 'White', 0),
(141, 31, 'Red', 1),
(142, 31, 'color', 0),
(143, 31, 'yellow', 0),
(144, 31, 'White', 0),
(145, 32, 'Red', 1),
(146, 32, 'color', 0),
(147, 32, 'yellow', 0),
(148, 32, 'White', 0),
(149, 33, 'Red', 1),
(150, 33, 'color', 0),
(151, 33, 'yellow', 0),
(152, 33, 'White', 0),
(153, 34, 'Red', 1),
(154, 34, 'color', 0),
(155, 34, 'yellow', 0),
(156, 34, 'White', 0),
(157, 35, 'Red', 1),
(158, 35, 'color', 0),
(159, 35, 'yellow', 0),
(160, 35, 'White', 0),
(161, 36, 'Red', 1),
(162, 36, 'color', 0),
(163, 36, 'yellow', 0),
(164, 36, 'White', 0),
(165, 37, 'Red', 1),
(166, 37, 'color', 0),
(167, 37, 'yellow', 0),
(168, 37, 'White', 0),
(169, 38, 'Red', 1),
(170, 38, 'color', 0),
(171, 38, 'yellow', 0),
(172, 38, 'White', 0),
(173, 39, 'Red', 1),
(174, 39, 'color', 0),
(175, 39, 'yellow', 0),
(176, 39, 'White', 0),
(177, 40, 'Red', 1),
(178, 40, 'color', 0),
(179, 40, 'yellow', 0),
(180, 40, 'White', 0),
(181, 41, 'Red', 1),
(182, 41, 'color', 0),
(183, 41, 'yellow', 0),
(184, 41, 'White', 0),
(185, 42, 'Red', 1),
(186, 42, 'color', 0),
(187, 42, 'yellow', 0),
(188, 42, 'White', 0),
(189, 43, 'Red', 1),
(190, 43, 'color', 0),
(191, 43, 'yellow', 0),
(192, 43, 'White', 0),
(193, 44, 'Red', 1),
(194, 44, 'color', 0),
(195, 44, 'yellow', 0),
(196, 44, 'White', 0),
(197, 45, 'Red', 1),
(198, 45, 'color', 0),
(199, 45, 'yellow', 0),
(200, 45, 'White', 0),
(201, 46, 'Red', 1),
(202, 46, 'color', 0),
(203, 46, 'yellow', 0),
(204, 46, 'White', 0),
(205, 47, 'Red', 1),
(206, 47, 'color', 0),
(207, 47, 'yellow', 0),
(208, 47, 'White', 0),
(209, 48, 'Red', 1),
(210, 48, 'color', 0),
(211, 48, 'yellow', 0),
(212, 48, 'White', 0),
(213, 49, 'Red', 1),
(214, 49, 'color', 0),
(215, 49, 'yellow', 0),
(216, 49, 'White', 0),
(217, 50, 'Red', 1),
(218, 50, 'color', 0),
(219, 50, 'yellow', 0),
(220, 50, 'White', 0),
(221, 51, 'Red', 1),
(222, 51, 'color', 0),
(223, 51, 'yellow', 0),
(224, 51, 'White', 0),
(225, 52, 'Red', 1),
(226, 52, 'color', 0),
(227, 52, 'yellow', 0),
(228, 52, 'White', 0),
(229, 53, 'Red', 1),
(230, 53, 'color', 0),
(231, 53, 'yellow', 0),
(232, 53, 'White', 0),
(233, 54, 'Red', 1),
(234, 54, 'color', 0),
(235, 54, 'yellow', 0),
(236, 54, 'White', 0),
(237, 55, 'Red', 1),
(238, 55, 'color', 0),
(239, 55, 'yellow', 0),
(240, 55, 'White', 0),
(241, 56, 'Red', 1),
(242, 56, 'color', 0),
(243, 56, 'yellow', 0),
(244, 56, 'White', 0),
(245, 57, 'Red', 1),
(246, 57, 'color', 0),
(247, 57, 'yellow', 0),
(248, 57, 'White', 0),
(249, 58, 'Red', 1),
(250, 58, 'color', 0),
(251, 58, 'yellow', 0),
(252, 58, 'White', 0),
(253, 59, 'Red', 1),
(254, 59, 'color', 0),
(255, 59, 'yellow', 0),
(256, 59, 'White', 0),
(257, 60, 'Red', 1),
(258, 60, 'color', 0),
(259, 60, 'yellow', 0),
(260, 60, 'White', 0),
(261, 61, 'Red', 1),
(262, 61, 'color', 0),
(263, 61, 'yellow', 0),
(264, 61, 'White', 0),
(265, 62, 'Red', 1),
(266, 62, 'color', 0),
(267, 62, 'yellow', 0),
(268, 62, 'White', 0),
(269, 63, 'Red', 1),
(270, 63, 'color', 0),
(271, 63, 'yellow', 0),
(272, 63, 'White', 0),
(273, 64, 'Red', 1),
(274, 64, 'color', 0),
(275, 64, 'yellow', 0),
(276, 64, 'White', 0),
(277, 65, 'Red', 1),
(278, 65, 'color', 0),
(279, 65, 'yellow', 0),
(280, 65, 'White', 0),
(281, 66, 'Red', 1),
(282, 66, 'color', 0),
(283, 66, 'yellow', 0),
(284, 66, 'White', 0),
(285, 67, 'Red', 1),
(286, 67, 'color', 0),
(287, 67, 'yellow', 0),
(288, 67, 'White', 0),
(289, 68, 'Red', 1),
(290, 68, 'color', 0),
(291, 68, 'yellow', 0),
(292, 68, 'White', 0),
(293, 69, 'Red', 1),
(294, 69, 'color', 0),
(295, 69, 'yellow', 0),
(296, 69, 'White', 0),
(297, 70, 'Red', 1),
(298, 70, 'color', 0),
(299, 70, 'yellow', 0),
(300, 70, 'White', 0),
(301, 71, 'Red', 1),
(302, 71, 'color', 0),
(303, 71, 'yellow', 0),
(304, 71, 'White', 0),
(305, 72, 'Red', 1),
(306, 72, 'color', 0),
(307, 72, 'yellow', 0),
(308, 72, 'White', 0),
(309, 73, 'Red', 1),
(310, 73, 'color', 0),
(311, 73, 'yellow', 0),
(312, 73, 'White', 0),
(313, 74, 'Red', 1),
(314, 74, 'color', 0),
(315, 74, 'yellow', 0),
(316, 74, 'White', 0),
(317, 75, 'Red', 1),
(318, 75, 'color', 0),
(319, 75, 'yellow', 0),
(320, 75, 'White', 0),
(321, 76, 'Red', 1),
(322, 76, 'color', 0),
(323, 76, 'yellow', 0),
(324, 76, 'White', 0),
(325, 77, 'Red', 1),
(326, 77, 'color', 0),
(327, 77, 'yellow', 0),
(328, 77, 'White', 0),
(329, 78, 'Red', 1),
(330, 78, 'color', 0),
(331, 78, 'yellow', 0),
(332, 78, 'White', 0),
(333, 79, 'Red', 1),
(334, 79, 'color', 0),
(335, 79, 'yellow', 0),
(336, 79, 'White', 0),
(337, 80, 'Red', 1),
(338, 80, 'color', 0),
(339, 80, 'yellow', 0),
(340, 80, 'White', 0),
(341, 81, 'Red', 1),
(342, 81, 'color', 0),
(343, 81, 'yellow', 0),
(344, 81, 'White', 0),
(345, 82, 'Red', 1),
(346, 82, 'color', 0),
(347, 82, 'yellow', 0),
(348, 82, 'White', 0),
(349, 83, 'Red', 1),
(350, 83, 'color', 0),
(351, 83, 'yellow', 0),
(352, 83, 'White', 0),
(353, 84, 'Red', 1),
(354, 84, 'color', 0),
(355, 84, 'yellow', 0),
(356, 84, 'White', 0),
(357, 85, 'Red', 1),
(358, 85, 'color', 0),
(359, 85, 'yellow', 0),
(360, 85, 'White', 0),
(361, 86, 'Red', 1),
(362, 86, 'color', 0),
(363, 86, 'yellow', 0),
(364, 86, 'White', 0),
(365, 87, 'Red', 1),
(366, 87, 'color', 0),
(367, 87, 'yellow', 0),
(368, 87, 'White', 0),
(369, 88, 'Red', 1),
(370, 88, 'color', 0),
(371, 88, 'yellow', 0),
(372, 88, 'White', 0),
(373, 89, 'Red', 1),
(374, 89, 'color', 0),
(375, 89, 'yellow', 0),
(376, 89, 'White', 0),
(377, 90, 'Red', 1),
(378, 90, 'color', 0),
(379, 90, 'yellow', 0),
(380, 90, 'White', 0),
(381, 91, 'Red', 1),
(382, 91, 'color', 0),
(383, 91, 'yellow', 0),
(384, 91, 'White', 0),
(385, 92, 'Red', 1),
(386, 92, 'color', 0),
(387, 92, 'yellow', 0),
(388, 92, 'White', 0),
(389, 93, 'Red', 1),
(390, 93, 'color', 0),
(391, 93, 'yellow', 0),
(392, 93, 'White', 0),
(393, 94, 'red', 1),
(394, 94, 'green', 0),
(395, 94, 'yellow', 0),
(396, 94, 'white', 0),
(397, 95, 'Red', 1),
(398, 95, 'color', 0),
(399, 95, 'yellow', 0),
(400, 95, 'White', 0),
(401, 96, 'Red', 1),
(402, 96, 'color', 0),
(403, 96, 'yellow', 0),
(404, 96, 'White', 0),
(405, 97, 'Red', 1),
(406, 97, 'color', 0),
(407, 97, 'yellow', 0),
(408, 97, 'White', 0),
(409, 98, 'Red', 1),
(410, 98, 'color', 0),
(411, 98, 'yellow', 0),
(412, 98, 'White', 0),
(413, 99, 'Red', 1),
(414, 99, 'color', 0),
(415, 99, 'yellow', 0),
(416, 99, 'White', 0),
(417, 100, 'Red', 1),
(418, 100, 'color', 0),
(419, 100, 'yellow', 0),
(420, 100, 'White', 0),
(421, 101, 'Red', 1),
(422, 101, 'color', 0),
(423, 101, 'yellow', 0),
(424, 101, 'White', 0),
(425, 102, 'Red', 1),
(426, 102, 'color', 0),
(427, 102, 'yellow', 0),
(428, 102, 'White', 0),
(429, 103, 'Red', 1),
(430, 103, 'color', 0),
(431, 103, 'yellow', 0),
(432, 103, 'White', 0),
(433, 104, 'Red', 1),
(434, 104, 'color', 0),
(435, 104, 'yellow', 0),
(436, 104, 'White', 0),
(437, 105, 'Red', 1),
(438, 105, 'color', 0),
(439, 105, 'yellow', 0),
(440, 105, 'White', 0),
(441, 106, 'White', 1),
(442, 106, 'yellow', 0),
(443, 106, 'red', 0),
(444, 106, 'blue', 0),
(445, 107, 'White', 1),
(446, 107, 'yellow', 0),
(447, 107, 'red', 0),
(448, 107, 'blue', 0),
(449, 108, 'red', 1),
(450, 108, 'yellow', 0),
(451, 108, 'green', 0),
(452, 108, 'bluw', 0),
(453, 108, 'white', 0),
(454, 109, 'For Eg. Due Jenn AnswerOne', 1),
(455, 109, 'Answer2', 0),
(456, 109, 'Answer3', 0),
(457, 109, 'Answer4', 0),
(458, 110, 'For Eg. Due Jenn AnswerOne', 1),
(459, 110, 'Answer2', 0),
(460, 110, 'Answer3', 0),
(461, 110, 'Answer4', 0),
(462, 111, 'For Eg. Due Jenn AnswerOne', 1),
(463, 111, 'Answer2', 0),
(464, 111, 'Answer3', 0),
(465, 111, 'Answer4', 0),
(466, 112, 'For Eg. AnswerOne', 1),
(467, 112, 'Answer2', 0),
(468, 112, 'Answer3', 0),
(469, 112, 'Answer4as ad af ag', 0),
(470, 113, 'For Eg. AnswerOne', 1),
(471, 113, 'Answer2', 0),
(472, 113, 'Answer3', 0),
(473, 113, 'Answer4as ad af ag', 0),
(474, 114, 'For Eg. AnswerOne', 1),
(475, 114, 'Answer2', 0),
(476, 114, 'Answer3', 0),
(477, 114, 'Answer4', 0),
(478, 115, 'For Eg. AnswerOne', 1),
(479, 115, 'Answer2', 0),
(480, 115, 'Answer3', 0),
(481, 115, 'Answer4', 0),
(482, 116, 'For Eg. AnswerOne', 1),
(483, 116, 'Answer2', 0),
(484, 116, 'Answer3', 0),
(485, 116, 'Answer4', 0),
(498, 119, '12', 1),
(499, 119, '13', 0),
(500, 119, '14', 0),
(501, 119, '15', 0),
(502, 119, '16', 0),
(503, 119, '17', 0),
(504, 120, '12', 1),
(505, 120, '13', 0),
(506, 120, '14', 0),
(507, 120, '15', 0),
(508, 120, '16', 0),
(509, 120, '17', 0),
(510, 121, 'Good', 1),
(511, 121, 'bad', 0),
(512, 121, 'cool', 0),
(513, 121, 'smart', 0),
(514, 121, 'handsome', 0),
(515, 121, 'happy', 0),
(516, 122, 'Good', 1),
(517, 122, 'bad', 0),
(518, 122, 'cool', 0),
(519, 122, 'smart', 0),
(520, 122, 'handsome', 0),
(521, 122, 'happy', 0),
(522, 123, 'Good', 1),
(523, 123, 'bad', 0),
(524, 123, 'cool', 0),
(525, 123, 'smart', 0),
(526, 123, 'handsome', 0),
(527, 123, 'happy', 0),
(528, 124, 'Good', 1),
(529, 124, 'bad', 0),
(530, 124, 'cool', 0),
(531, 124, 'smart', 0),
(532, 124, 'handsome', 0),
(533, 124, 'happy', 0),
(534, 125, '1', 1),
(535, 125, '2', 0),
(536, 125, '3', 0),
(537, 125, '4', 0),
(538, 125, '5', 0),
(539, 125, '6', 0),
(540, 126, 'For Eg. Answer1', 1),
(541, 126, 'Answer2...', 0),
(542, 126, 'Answer6', 0),
(543, 127, 'McKee ', 1),
(544, 128, 'McKee ', 1),
(545, 129, 'McKee ', 1),
(546, 130, 'McKee ', 1),
(547, 131, 'McKee ', 1),
(548, 132, 'false', 1),
(549, 132, 'true', 0),
(550, 132, 'maybe', 0),
(551, 132, 'notsure', 0),
(552, 132, 'dontknow', 0),
(553, 132, 'trylater', 0),
(554, 133, 'njbkbkknknkn', 1),
(555, 134, 'njbkbkknknkn', 1),
(556, 135, 'njbkbkknknkn', 1),
(557, 136, 'red', 1),
(558, 136, 'yellow', 0),
(559, 136, 'green', 0),
(560, 136, 'bluw', 0),
(561, 136, 'white', 0),
(562, 137, 'red', 1),
(563, 137, 'yellow', 0),
(564, 137, 'green', 0),
(565, 137, 'bluw', 0),
(566, 137, 'white', 0),
(567, 137, 'bb', 0),
(568, 138, 'red', 1),
(569, 138, 'yellow', 0),
(570, 138, 'green', 0),
(571, 138, 'bluw', 0),
(572, 138, 'white', 0),
(573, 138, '', 0),
(574, 139, 'red', 1),
(575, 139, 'yellow', 0),
(576, 139, 'green', 0),
(577, 139, 'bluw', 0),
(578, 139, 'white', 0),
(579, 140, 'red', 1),
(580, 140, 'yellow', 0),
(581, 140, 'green', 0),
(582, 140, 'bluw', 0),
(583, 140, 'white', 0),
(584, 141, '', 1),
(585, 142, 'Gud', 1),
(586, 142, 'fine', 0),
(587, 142, 'bad', 0),
(588, 142, 'normal', 0),
(589, 142, 'happy', 0),
(590, 142, 'sad', 0),
(591, 143, 'a', 1),
(592, 143, 'b', 0),
(593, 143, 'c', 0),
(594, 143, 'd', 0),
(595, 144, 'a', 1),
(596, 144, 'b', 0),
(597, 144, 'c', 0),
(598, 144, 'd', 0),
(599, 145, 'a', 1),
(600, 145, 'b', 0),
(601, 145, 'c', 0),
(602, 145, 'd', 0),
(603, 146, 'a', 1),
(604, 146, 'b', 0),
(605, 146, 'c', 0),
(606, 146, 'd', 0),
(607, 147, 'a', 1),
(608, 147, 'b', 0),
(609, 147, 'c', 0),
(610, 147, 'd', 0),
(611, 148, 'a', 1),
(612, 148, 'b', 0),
(613, 148, 'c', 0),
(614, 148, 'd', 0),
(615, 148, 'e', 0),
(616, 148, 'f', 0),
(617, 149, 'red', 1),
(618, 149, 'yellow', 0),
(619, 149, 'green', 0),
(620, 149, 'bluw', 0),
(621, 149, 'white', 0),
(622, 150, '12', 1),
(623, 150, '13', 0),
(624, 150, '14', 0),
(625, 150, '15', 0),
(626, 150, '16', 0),
(627, 150, '17', 0);

-- --------------------------------------------------------

--
-- Table structure for table `power_ups`
--

CREATE TABLE IF NOT EXISTS `power_ups` (
  `id` int(11) NOT NULL AUTO_INCREMENT,
  `name` varchar(255) CHARACTER SET utf8 COLLATE utf8_unicode_ci NOT NULL,
  `status` int(11) NOT NULL,
  PRIMARY KEY (`id`)
) ENGINE=InnoDB  DEFAULT CHARSET=latin1 AUTO_INCREMENT=7 ;

--
-- Dumping data for table `power_ups`
--

INSERT INTO `power_ups` (`id`, `name`, `status`) VALUES
(1, 'freeze', 1),
(2, 'jump it', 1),
(3, 'people choice', 1),
(4, 'half', 1),
(6, 'example', 1);

-- --------------------------------------------------------

--
-- Table structure for table `questions`
--

CREATE TABLE IF NOT EXISTS `questions` (
  `id` int(11) NOT NULL AUTO_INCREMENT,
  `question` text CHARACTER SET utf8 COLLATE utf8_unicode_ci NOT NULL,
  `topic_id` int(11) NOT NULL,
  `status` int(11) NOT NULL DEFAULT '1',
  PRIMARY KEY (`id`)
) ENGINE=InnoDB  DEFAULT CHARSET=latin1 AUTO_INCREMENT=66 ;

--
-- Dumping data for table `questions`
--

INSERT INTO `questions` (`id`, `question`, `topic_id`, `status`) VALUES
(1, 'When was Pieter van den Hoogenband born?', 26, 1),
(2, 'Where was Pieter van den Hoogenband born?', 26, 1),
(3, 'What is the full name of Pieter van den Hoogenband?', 26, 1),
(4, 'What is the nickname(s) of Pieter van den Hoogenband?', 26, 1),
(5, 'Who is the wife of Pieter van den Hoogenband?', 26, 1),
(6, 'How many children does Pieter van den Hoogenband have?', 26, 1),
(7, 'How many medals Pieter van den Hoogenband won in all olympic games?', 26, 1),
(8, 'How many medals Pieter van den Hoogenband won in World Campionships(LC)?', 26, 1),
(9, 'How many medals Pieter van den Hoogenband won in World Campionships(SC)?', 26, 1),
(10, 'How many medals Pieter van den Hoogenband won in Goodwill games?', 26, 1),
(11, 'How many medals Pieter van den Hoogenband won in European Championships(LC)?', 26, 1),
(12, 'How many medals Pieter van den Hoogenband won in European Championships(SC)?', 26, 1),
(13, 'In which Olympics did the Japanese win all men''s titles except the 400m freestyle?', 27, 1),
(14, 'In which Olympics did the US win every event in the swimming compeitions?', 27, 1),
(15, 'Who was the first swimmer to swim 100m in less than a minute?', 27, 1),
(16, 'Who was the first person to swim the English Channel in breaststroke?', 27, 1),
(17, 'Who was the first American to swim the English Channel?', 27, 1),
(18, 'In which Olympic Games was first and only underwater swimming event held?', 27, 1),
(19, 'Who won the only underwater swimming event at an Olympic Games?', 27, 1),
(20, 'Which stroke is considered the fastest stroke?', 27, 1),
(21, 'Which is usually the slowest stroke?', 27, 1),
(22, 'What is the platform from which swimmers start called?', 27, 1),
(23, 'What are the 2 units used to measure swimming pools?', 27, 1),
(24, 'How many lanes are usually present in a full heat of swimming in an Olympic-sized pool?', 27, 1),
(25, 'In which strokes is the flip turn used?', 27, 1),
(26, 'What happens if a swimmer swims the wrong stroke in an Olympic event?', 27, 1),
(27, 'In which stroke do you typically breathe on the side?', 27, 1),
(28, 'What turn would you use when you are doing the backstroke or the freestyle?', 27, 1),
(29, 'What is the name of the dive done when in the water headfirst?', 27, 1),
(30, 'Who was the first to swim 2938km down the Mississippi River?', 27, 1),
(31, 'Why are competition swimming suits so tight?', 27, 1),
(32, 'What is the order of strokes in an individual medley?', 27, 1),
(33, 'Which brand made the full body suit called Fastskin?', 27, 1),
(34, 'What is the oldest form of stroke?', 27, 1),
(35, 'How long is an Olympic Swimming Pool?', 27, 1),
(36, 'What pool water temperature is required for competition (FINA / USA Swimming)?', 27, 1),
(37, 'When were swimming goggles first used in the Olympics?', 27, 1),
(38, 'Who was the first woman to break 22 seconds in the 50-yard freestyle?', 27, 1),
(39, 'Who was the first woman to break the one-minute barrier in the 100-yard freestyle?', 27, 1),
(40, 'When was swimming introduced into the Olympics?', 27, 1),
(41, 'When did women first swim competitively in the Olympics?', 27, 1),
(42, 'Which is the only state that regulates who can teach people to swim?', 27, 1),
(43, 'What is the furthest distance ever swum?', 27, 1),
(44, 'Who swam the longest distance ever?', 27, 1),
(45, 'What is Denis Pankratov''s nationality?', 28, 1),
(46, 'How many Olympic gold medals did Denis Pankratov win in butterfly?', 28, 1),
(47, 'In which Olympic games did Denis Pankratov win 2 gold medals?', 28, 1),
(48, 'In which Olympic games did Denis Pankratov win 3 total medals?', 28, 1),
(49, 'In what year did Denis Pankratov win a World Championship?', 28, 1),
(50, 'How many European Championship did Denis Pankratov win?', 28, 1),
(51, 'In what year did Denis Pankratov retire?', 28, 1),
(52, 'Which was Denis Pankratov''s last Olympics?', 28, 1),
(53, 'In which Olympics did Lars Frolander win a gold medal for 100m butterfly?', 28, 1),
(54, 'How many World Championships (LC) did Lars Frolander win?', 28, 1),
(55, 'In which World Championship did Lars Frolander win 3 gold medals?', 28, 1),
(56, 'Who were the only females to break or equal a world record at the 2003 World championships?', 29, 1),
(57, 'Jodie Henry of Australia, won gold in the 100 Freestyle at the 2003 World Championships? True or False', 29, 1),
(58, 'What was the finish order for the women''s 4X100m Freestyle relay at the 2003 World championships?', 29, 1),
(59, 'Normally known as a backstroker, but who won the men''s 50m Butterfly in world record time at the 2003 World Championships?', 29, 1),
(60, 'How many medals did European world champion Martina Moravcova win at the 2003 World championships?', 29, 1),
(61, 'What was the final standings for the women''s 50m Freestyle at the 2003 World championships?', 29, 1),
(62, 'How many individual gold medals did Michael Phelps win at the 2003 World Championships?', 29, 1),
(63, 'Who won the men''s 4X100m Freestyle Relay at the 2003 World Championships?', 29, 1),
(64, 'Who swam the butterfly leg for Australia in the men''s 4X100m Medley Finals Relay at the 2003 World Championships?', 29, 1),
(65, 'What is Ryan Lochte''s middle name', 30, 1);

-- --------------------------------------------------------

--
-- Table structure for table `question_answers`
--

CREATE TABLE IF NOT EXISTS `question_answers` (
  `id` int(11) NOT NULL AUTO_INCREMENT,
  `user_id` int(11) NOT NULL,
  `question_id` int(11) NOT NULL,
  `topic_id` int(11) NOT NULL,
  `answer_id` int(11) NOT NULL,
  `points` varchar(255) CHARACTER SET utf8 COLLATE utf8_unicode_ci NOT NULL,
  `answer_status` int(11) NOT NULL,
  `current_status` int(11) NOT NULL,
  `skip_status` int(11) NOT NULL DEFAULT '0',
  `quit_status` int(11) NOT NULL DEFAULT '0',
  `time` date NOT NULL,
  PRIMARY KEY (`id`)
) ENGINE=InnoDB  DEFAULT CHARSET=latin1 AUTO_INCREMENT=634 ;

--
-- Dumping data for table `question_answers`
--

INSERT INTO `question_answers` (`id`, `user_id`, `question_id`, `topic_id`, `answer_id`, `points`, `answer_status`, `current_status`, `skip_status`, `quit_status`, `time`) VALUES
(1, 2240, 36, 27, 211, '600', 1, 1, 0, 1, '0000-00-00'),
(2, 2239, 12, 26, 67, '300', 1, 1, 0, 1, '0000-00-00'),
(3, 2239, 48, 28, 277, '400', 1, 1, 0, 1, '0000-00-00'),
(4, 2239, 43, 27, 253, '600', 1, 1, 0, 0, '0000-00-00'),
(5, 2239, 6, 26, 31, '600', 1, 1, 0, 1, '0000-00-00'),
(6, 2240, 18, 27, 103, '300', 1, 1, 0, 1, '0000-00-00'),
(7, 2240, 45, 28, 265, '600', 1, 1, 0, 1, '0000-00-00'),
(8, 2240, 22, 27, 127, '400', 1, 1, 0, 1, '0000-00-00'),
(9, 2240, 47, 28, 0, '0', 1, 1, 1, 1, '0000-00-00'),
(10, 2240, 9, 26, 49, '600', 1, 1, 0, 1, '0000-00-00'),
(11, 2240, 58, 29, 343, '600', 1, 1, 0, 1, '0000-00-00'),
(12, 2243, 14, 27, 78, '600', 1, 1, 0, 1, '0000-00-00'),
(13, 2243, 57, 29, 337, '400', 1, 1, 0, 1, '0000-00-00'),
(14, 2243, 47, 28, 0, '0', 1, 1, 1, 1, '0000-00-00'),
(15, 2243, 63, 29, 0, '0', 1, 1, 1, 1, '0000-00-00'),
(16, 2240, 55, 28, 325, '400', 1, 1, 0, 1, '0000-00-00'),
(17, 2243, 28, 27, 0, '0', 1, 1, 1, 1, '0000-00-00'),
(18, 2240, 19, 27, 109, '600', 1, 1, 0, 1, '0000-00-00'),
(19, 2243, 56, 29, 0, '0', 1, 1, 1, 1, '0000-00-00'),
(22, 2243, 29, 27, 169, '400', 1, 1, 0, 1, '0000-00-00'),
(23, 2243, 48, 28, 283, '540', 1, 1, 0, 1, '0000-00-00'),
(24, 2243, 10, 26, 55, '600', 1, 1, 0, 1, '0000-00-00'),
(25, 2243, 62, 29, 367, '500', 1, 1, 0, 1, '0000-00-00'),
(26, 2240, 7, 26, 37, '420', 1, 1, 0, 1, '0000-00-00'),
(27, 2243, 15, 27, 85, '600', 1, 1, 0, 1, '0000-00-00'),
(28, 2243, 8, 26, 43, '600', 1, 1, 0, 1, '0000-00-00'),
(29, 2243, 64, 29, 379, '600', 1, 1, 0, 1, '0000-00-00'),
(30, 2243, 58, 29, 343, '600', 1, 1, 0, 1, '0000-00-00'),
(31, 2243, 60, 29, 355, '600', 1, 1, 0, 1, '0000-00-00'),
(32, 2243, 49, 28, 289, '600', 1, 1, 0, 1, '0000-00-00'),
(33, 2243, 50, 28, 295, '600', 1, 1, 0, 1, '0000-00-00'),
(34, 2243, 54, 28, 319, '600', 1, 1, 0, 1, '0000-00-00'),
(35, 2243, 6, 26, 31, '600', 1, 1, 0, 1, '0000-00-00'),
(36, 2243, 24, 27, 139, '600', 1, 1, 0, 1, '0000-00-00'),
(37, 2243, 45, 28, 265, '600', 1, 1, 0, 1, '0000-00-00'),
(38, 2243, 55, 28, 325, '600', 1, 1, 0, 1, '0000-00-00'),
(39, 2240, 27, 27, 157, '600', 1, 1, 0, 1, '0000-00-00'),
(40, 2243, 43, 27, 253, '600', 1, 1, 0, 1, '0000-00-00'),
(41, 2243, 34, 27, 199, '600', 1, 1, 0, 1, '0000-00-00'),
(42, 2243, 61, 29, 361, '400', 1, 1, 0, 1, '0000-00-00'),
(43, 2243, 53, 28, 313, '600', 1, 1, 0, 1, '0000-00-00'),
(44, 2230, 54, 28, 319, '600', 1, 1, 0, 0, '0000-00-00'),
(45, 2243, 1, 26, 1, '600', 1, 1, 0, 1, '0000-00-00'),
(46, 2243, 27, 27, 157, '600', 1, 1, 0, 1, '0000-00-00'),
(47, 2240, 64, 29, 379, '600', 1, 1, 0, 1, '0000-00-00'),
(48, 208, 47, 28, 277, '538', 1, 1, 0, 0, '0000-00-00'),
(49, 208, 46, 28, 271, '514', 1, 1, 0, 0, '0000-00-00'),
(50, 208, 62, 29, 367, '600', 1, 1, 0, 1, '0000-00-00'),
(51, 2240, 46, 28, 271, '600', 1, 1, 0, 1, '0000-00-00'),
(52, 2240, 57, 29, 337, '600', 1, 1, 0, 1, '0000-00-00'),
(53, 2240, 4, 26, 19, '520', 1, 1, 0, 1, '0000-00-00'),
(54, 2240, 31, 27, 181, '418', 1, 1, 0, 1, '0000-00-00'),
(55, 2240, 23, 27, 133, '496', 1, 1, 0, 1, '0000-00-00'),
(56, 2240, 61, 29, 361, '600', 1, 1, 0, 1, '0000-00-00'),
(57, 2240, 63, 29, 373, '600', 1, 1, 0, 1, '0000-00-00'),
(58, 2240, 60, 29, 355, '600', 1, 1, 0, 1, '0000-00-00'),
(59, 2243, 46, 28, 271, '600', 1, 1, 0, 1, '0000-00-00'),
(60, 2243, 36, 27, 211, '600', 1, 1, 0, 1, '0000-00-00'),
(61, 2240, 40, 27, 235, '600', 1, 1, 0, 1, '0000-00-00'),
(62, 2240, 2, 26, 7, '440', 1, 1, 0, 1, '0000-00-00'),
(63, 2248, 6, 26, 31, '600', 1, 1, 0, 1, '0000-00-00'),
(64, 2248, 42, 27, 247, '450', 1, 1, 0, 1, '0000-00-00'),
(65, 2248, 48, 28, 283, '600', 1, 1, 0, 0, '0000-00-00'),
(66, 2249, 59, 29, 349, '560', 1, 1, 0, 1, '0000-00-00'),
(67, 2249, 51, 28, 301, '600', 1, 1, 0, 0, '0000-00-00'),
(68, 2240, 56, 29, 331, '600', 1, 1, 0, 1, '0000-00-00'),
(69, 2250, 58, 29, 343, '600', 1, 1, 0, 1, '0000-00-00'),
(70, 2250, 52, 28, 307, '600', 1, 1, 0, 0, '0000-00-00'),
(71, 2250, 59, 29, 349, '600', 1, 1, 0, 1, '0000-00-00'),
(72, 2248, 60, 29, 355, '510', 1, 1, 0, 1, '0000-00-00'),
(73, 2248, 29, 27, 169, '600', 1, 1, 0, 1, '0000-00-00'),
(74, 2240, 11, 26, 61, '600', 1, 1, 0, 1, '0000-00-00'),
(80, 4140, 62, 29, 367, '600', 1, 1, 0, 1, '0000-00-00'),
(84, 4141, 46, 28, 271, '600', 1, 1, 0, 1, '0000-00-00'),
(95, 209, 11, 26, 61, '', 1, 1, 0, 0, '0000-00-00'),
(96, 4142, 47, 28, 277, '600', 1, 1, 0, 1, '0000-00-00'),
(97, 4142, 63, 29, 373, '600', 1, 1, 0, 1, '0000-00-00'),
(98, 4142, 49, 28, 289, '574', 1, 1, 0, 1, '0000-00-00'),
(99, 4142, 16, 27, 91, '600', 1, 1, 0, 0, '0000-00-00'),
(100, 4142, 57, 29, 337, '554', 1, 1, 0, 1, '0000-00-00'),
(101, 4142, 61, 29, 361, '600', 1, 1, 0, 1, '0000-00-00'),
(108, 4054, 61, 29, 361, '600', 1, 1, 0, 1, '0000-00-00'),
(109, 4054, 57, 29, 337, '600', 1, 1, 0, 1, '0000-00-00'),
(110, 4054, 45, 28, 265, '600', 1, 1, 0, 1, '0000-00-00'),
(111, 4054, 64, 29, 379, '600', 1, 1, 0, 1, '0000-00-00'),
(112, 4054, 39, 27, 229, '600', 1, 1, 0, 0, '0000-00-00'),
(113, 4054, 21, 27, 121, '400', 1, 1, 0, 0, '0000-00-00'),
(114, 4054, 60, 29, 355, '600', 1, 1, 0, 1, '0000-00-00'),
(124, 4054, 19, 27, 109, '0', 0, 1, 0, 0, '0000-00-00'),
(126, 4054, 23, 27, 133, '0', 0, 1, 0, 0, '0000-00-00'),
(129, 4054, 56, 29, 331, '600', 1, 1, 0, 1, '0000-00-00'),
(130, 4054, 54, 28, 319, '600', 1, 1, 0, 1, '0000-00-00'),
(131, 4054, 63, 29, 373, '0', 0, 1, 0, 1, '0000-00-00'),
(133, 4054, 62, 29, 367, '0', 0, 1, 0, 1, '0000-00-00'),
(134, 4054, 58, 29, 343, '0', 0, 1, 0, 1, '0000-00-00'),
(136, 4144, 11, 26, 61, '', 0, 1, 0, 0, '0000-00-00'),
(137, 4145, 6, 26, 31, '0', 0, 1, 0, 1, '0000-00-00'),
(138, 4145, 56, 29, 331, '0', 0, 1, 0, 0, '0000-00-00'),
(139, 4145, 8, 26, 43, '0', 0, 1, 0, 1, '0000-00-00'),
(140, 4146, 49, 28, 289, '0', 0, 1, 0, 1, '0000-00-00'),
(141, 4146, 45, 28, 265, '0', 0, 1, 0, 1, '0000-00-00'),
(142, 4146, 46, 28, 271, '0', 0, 1, 0, 1, '0000-00-00'),
(143, 4147, 16, 27, 91, '420', 1, 1, 0, 0, '0000-00-00'),
(144, 4147, 58, 29, 343, '0', 0, 1, 0, 0, '0000-00-00'),
(145, 4147, 7, 26, 37, '600', 1, 1, 0, 1, '0000-00-00'),
(146, 4147, 62, 29, 367, '0', 0, 1, 0, 0, '0000-00-00'),
(147, 4147, 1, 26, 1, '0', 0, 1, 0, 1, '0000-00-00'),
(148, 4148, 55, 28, 325, '600', 1, 1, 0, 1, '0000-00-00'),
(149, 4148, 54, 28, 319, '600', 1, 1, 0, 1, '0000-00-00'),
(150, 4148, 2, 26, 7, '0', 0, 1, 0, 0, '0000-00-00'),
(151, 4148, 25, 27, 145, '600', 1, 1, 0, 0, '0000-00-00'),
(152, 4148, 4, 26, 19, '600', 1, 1, 0, 0, '0000-00-00'),
(153, 4148, 1, 26, 1, '0', 0, 1, 0, 0, '0000-00-00'),
(154, 4148, 51, 28, 301, '0', 0, 1, 0, 1, '0000-00-00'),
(155, 4149, 19, 27, 109, '600', 1, 1, 0, 0, '0000-00-00'),
(156, 4149, 64, 29, 379, '0', 0, 1, 0, 0, '0000-00-00'),
(157, 4149, 6, 26, 31, '0', 0, 1, 0, 1, '0000-00-00'),
(158, 4149, 12, 26, 67, '0', 0, 1, 0, 1, '0000-00-00'),
(159, 4150, 27, 27, 157, '600', 1, 1, 0, 1, '0000-00-00'),
(160, 4150, 28, 27, 163, '0', 0, 1, 0, 1, '0000-00-00'),
(161, 4150, 57, 29, 337, '0', 0, 1, 0, 1, '0000-00-00'),
(162, 4150, 56, 29, 331, '0', 0, 1, 0, 1, '0000-00-00'),
(163, 4151, 23, 27, 133, '0', 0, 1, 0, 1, '0000-00-00'),
(164, 4151, 49, 28, 289, '0', 0, 1, 0, 1, '0000-00-00'),
(165, 4151, 25, 27, 145, '0', 0, 1, 0, 1, '0000-00-00'),
(166, 2240, 53, 28, 313, '600', 1, 1, 0, 1, '0000-00-00'),
(167, 2240, 62, 29, 367, '0', 0, 1, 0, 1, '0000-00-00'),
(168, 4152, 60, 29, 355, '0', 0, 1, 0, 1, '0000-00-00'),
(169, 4152, 63, 29, 373, '338', 1, 1, 0, 1, '0000-00-00'),
(170, 4152, 34, 27, 199, '600', 1, 1, 0, 1, '0000-00-00'),
(171, 4152, 17, 27, 97, '600', 1, 1, 0, 1, '0000-00-00'),
(172, 4152, 20, 27, 115, '422', 1, 1, 0, 0, '0000-00-00'),
(173, 4145, 64, 29, 379, '600', 1, 1, 0, 0, '0000-00-00'),
(174, 4145, 5, 26, 25, '600', 1, 1, 0, 1, '0000-00-00'),
(175, 4145, 58, 29, 343, '600', 1, 1, 0, 0, '0000-00-00'),
(176, 4145, 7, 26, 37, '600', 1, 1, 0, 1, '0000-00-00'),
(177, 4145, 17, 27, 97, '600', 1, 1, 0, 1, '0000-00-00'),
(178, 4145, 55, 28, 325, '600', 1, 1, 0, 0, '0000-00-00'),
(179, 4145, 39, 27, 229, '0', 0, 1, 0, 1, '0000-00-00'),
(180, 4145, 62, 29, 367, '600', 1, 1, 0, 0, '0000-00-00'),
(181, 4145, 61, 29, 361, '404', 1, 1, 0, 0, '0000-00-00'),
(182, 4145, 60, 29, 355, '600', 1, 1, 0, 0, '0000-00-00'),
(183, 4145, 34, 27, 199, '0', 0, 1, 0, 1, '0000-00-00'),
(184, 4145, 2, 26, 7, '600', 1, 1, 0, 1, '0000-00-00'),
(185, 4152, 58, 29, 343, '0', 0, 1, 0, 1, '0000-00-00'),
(186, 2240, 26, 27, 151, '564', 1, 1, 0, 1, '0000-00-00'),
(187, 2240, 10, 26, 55, '0', 0, 1, 0, 1, '0000-00-00'),
(188, 2240, 59, 29, 349, '600', 1, 1, 0, 1, '0000-00-00'),
(189, 4153, 7, 26, 37, '0', 0, 1, 0, 0, '0000-00-00'),
(190, 2240, 1, 26, 1, '554', 1, 1, 0, 1, '0000-00-00'),
(191, 4153, 2, 26, 7, '600', 1, 1, 0, 0, '0000-00-00'),
(192, 4153, 60, 29, 355, '0', 0, 1, 0, 1, '0000-00-00'),
(193, 4153, 51, 28, 301, '0', 0, 1, 0, 0, '0000-00-00'),
(194, 4153, 8, 26, 0, '0', 1, 1, 1, 0, '0000-00-00'),
(195, 4153, 12, 26, 67, '600', 1, 1, 0, 0, '0000-00-00'),
(196, 4153, 49, 28, 289, '480', 1, 1, 0, 0, '0000-00-00'),
(197, 4153, 16, 27, 91, '0', 0, 1, 0, 0, '0000-00-00'),
(198, 4153, 58, 29, 343, '576', 1, 1, 0, 1, '0000-00-00'),
(199, 4153, 64, 29, 379, '600', 1, 1, 0, 1, '0000-00-00'),
(200, 4153, 57, 29, 337, '328', 1, 1, 0, 1, '0000-00-00'),
(201, 4154, 50, 28, 295, '600', 1, 1, 0, 1, '0000-00-00'),
(202, 4154, 53, 28, 313, '0', 0, 1, 0, 1, '0000-00-00'),
(203, 4154, 48, 28, 283, '600', 1, 1, 0, 1, '0000-00-00'),
(204, 2247, 57, 29, 337, '600', 1, 1, 0, 1, '0000-00-00'),
(205, 4154, 61, 29, 361, '600', 1, 1, 0, 1, '0000-00-00'),
(206, 4154, 60, 29, 355, '0', 0, 1, 0, 1, '0000-00-00'),
(207, 4154, 40, 27, 235, '0', 0, 1, 0, 1, '0000-00-00'),
(208, 4154, 41, 27, 241, '600', 1, 1, 0, 1, '0000-00-00'),
(209, 4154, 49, 28, 289, '600', 1, 1, 0, 1, '0000-00-00'),
(210, 4154, 58, 29, 343, '0', 0, 1, 0, 1, '0000-00-00'),
(211, 4154, 47, 28, 0, '0', 1, 1, 1, 1, '0000-00-00'),
(212, 4154, 9, 26, 49, '0', 0, 1, 0, 1, '0000-00-00'),
(213, 4154, 54, 28, 319, '0', 0, 1, 0, 1, '0000-00-00'),
(214, 4154, 59, 29, 349, '0', 0, 1, 0, 1, '0000-00-00'),
(215, 4154, 46, 28, 271, '600', 1, 1, 0, 1, '0000-00-00'),
(216, 4154, 55, 28, 325, '0', 0, 1, 0, 1, '0000-00-00'),
(217, 4154, 56, 29, 331, '0', 0, 1, 0, 1, '0000-00-00'),
(218, 209, 11, 26, 61, '', 1, 1, 0, 0, '0000-00-00'),
(219, 4154, 63, 29, 373, '600', 1, 1, 0, 1, '0000-00-00'),
(220, 4154, 52, 28, 307, '0', 0, 1, 0, 1, '0000-00-00'),
(221, 4154, 2, 26, 7, '0', 0, 1, 0, 1, '0000-00-00'),
(222, 2247, 2, 26, 7, '0', 0, 1, 0, 0, '0000-00-00'),
(223, 2247, 48, 28, 0, '0', 1, 1, 1, 0, '0000-00-00'),
(224, 2247, 53, 28, 313, '0', 0, 1, 0, 0, '0000-00-00'),
(225, 2247, 61, 29, 361, '0', 0, 1, 0, 1, '0000-00-00'),
(226, 4145, 57, 29, 337, '0', 0, 1, 0, 0, '0000-00-00'),
(227, 4154, 45, 28, 265, '0', 0, 1, 0, 1, '0000-00-00'),
(228, 4154, 51, 28, 301, '0', 0, 1, 0, 1, '0000-00-00'),
(229, 4154, 34, 27, 199, '0', 0, 1, 0, 1, '0000-00-00'),
(230, 4154, 62, 29, 367, '0', 0, 1, 0, 1, '0000-00-00'),
(231, 4154, 64, 29, 379, '0', 0, 1, 0, 1, '0000-00-00'),
(232, 4154, 57, 29, 337, '0', 0, 1, 0, 1, '0000-00-00'),
(233, 4154, 38, 27, 223, '0', 0, 1, 0, 1, '0000-00-00'),
(234, 4154, 43, 27, 253, '0', 0, 1, 0, 1, '0000-00-00'),
(235, 4154, 14, 27, 79, '600', 1, 1, 0, 1, '0000-00-00'),
(236, 4154, 37, 27, 217, '0', 0, 1, 0, 1, '0000-00-00'),
(237, 4154, 44, 27, 0, '0', 1, 1, 1, 1, '0000-00-00'),
(238, 4154, 10, 26, 0, '0', 1, 1, 1, 1, '0000-00-00'),
(239, 4154, 1, 26, 0, '0', 1, 1, 1, 1, '0000-00-00'),
(240, 4154, 20, 27, 115, '600', 1, 1, 0, 1, '0000-00-00'),
(241, 4154, 15, 27, 85, '0', 0, 1, 0, 1, '0000-00-00'),
(242, 4154, 30, 27, 175, '0', 0, 1, 0, 1, '0000-00-00'),
(243, 4154, 31, 27, 181, '0', 0, 1, 0, 1, '0000-00-00'),
(244, 4154, 8, 26, 43, '0', 0, 1, 0, 1, '0000-00-00'),
(245, 4154, 29, 27, 169, '522', 1, 1, 0, 1, '0000-00-00'),
(246, 4154, 24, 27, 139, '600', 1, 1, 0, 1, '0000-00-00'),
(247, 4154, 16, 27, 91, '548', 1, 1, 0, 1, '0000-00-00'),
(248, 4154, 33, 27, 193, '554', 1, 1, 0, 1, '0000-00-00'),
(249, 4154, 21, 27, 121, '600', 1, 1, 0, 1, '0000-00-00'),
(250, 4152, 45, 28, 265, '0', 0, 1, 0, 1, '0000-00-00'),
(251, 4154, 32, 27, 187, '0', 0, 1, 0, 1, '0000-00-00'),
(252, 4154, 36, 27, 211, '500', 1, 1, 0, 1, '0000-00-00'),
(253, 4154, 12, 26, 67, '0', 0, 1, 0, 1, '0000-00-00'),
(254, 4154, 6, 26, 31, '600', 1, 1, 0, 1, '0000-00-00'),
(255, 4154, 4, 26, 19, '274', 1, 1, 0, 1, '0000-00-00'),
(256, 4154, 42, 27, 247, '0', 0, 1, 0, 1, '0000-00-00'),
(257, 4154, 3, 26, 13, '0', 0, 1, 0, 1, '0000-00-00'),
(258, 4154, 11, 26, 61, '0', 0, 1, 0, 1, '0000-00-00'),
(259, 4154, 23, 27, 133, '0', 0, 1, 0, 1, '0000-00-00'),
(260, 4154, 22, 27, 127, '600', 1, 1, 0, 1, '0000-00-00'),
(261, 4154, 7, 26, 37, '0', 0, 1, 0, 0, '0000-00-00'),
(262, 4154, 18, 27, 103, '600', 1, 1, 0, 1, '0000-00-00'),
(263, 4154, 5, 26, 25, '600', 1, 1, 0, 0, '0000-00-00'),
(264, 4154, 39, 27, 229, '0', 0, 1, 0, 1, '0000-00-00'),
(265, 4154, 13, 27, 73, '0', 0, 1, 0, 1, '0000-00-00'),
(266, 4154, 25, 27, 145, '0', 0, 1, 0, 1, '0000-00-00'),
(267, 4154, 28, 27, 163, '0', 0, 1, 0, 1, '0000-00-00'),
(268, 4154, 27, 27, 157, '600', 1, 1, 0, 1, '0000-00-00'),
(269, 4154, 19, 27, 109, '0', 0, 1, 0, 1, '0000-00-00'),
(270, 4154, 35, 27, 205, '408', 1, 1, 0, 1, '0000-00-00'),
(271, 2247, 62, 29, 367, '0', 0, 1, 0, 1, '0000-00-00'),
(272, 2240, 52, 28, 307, '0', 0, 1, 0, 1, '0000-00-00'),
(273, 2240, 35, 27, 205, '0', 0, 1, 0, 1, '0000-00-00'),
(274, 2240, 37, 27, 217, '0', 0, 1, 0, 1, '0000-00-00'),
(275, 2240, 3, 26, 13, '600', 1, 1, 0, 1, '0000-00-00'),
(276, 2240, 28, 27, 163, '530', 1, 1, 0, 1, '0000-00-00'),
(277, 2240, 51, 28, 301, '0', 0, 1, 0, 1, '0000-00-00'),
(278, 2247, 56, 29, 331, '600', 1, 1, 0, 1, '0000-00-00'),
(279, 2247, 55, 28, 325, '600', 1, 1, 0, 0, '0000-00-00'),
(280, 2247, 33, 27, 193, '0', 0, 1, 0, 0, '0000-00-00'),
(281, 2247, 12, 26, 67, '0', 0, 1, 0, 0, '0000-00-00'),
(282, 2247, 11, 26, 61, '0', 0, 1, 0, 0, '0000-00-00'),
(283, 2247, 63, 29, 373, '0', 0, 1, 0, 1, '0000-00-00'),
(284, 4152, 64, 29, 379, '600', 1, 1, 0, 0, '0000-00-00'),
(285, 4152, 53, 28, 313, '600', 1, 1, 0, 1, '0000-00-00'),
(286, 4152, 54, 28, 319, '0', 0, 1, 0, 0, '0000-00-00'),
(287, 4152, 51, 28, 301, '0', 0, 1, 0, 0, '0000-00-00'),
(288, 4152, 12, 26, 67, '0', 0, 1, 0, 1, '0000-00-00'),
(289, 4155, 28, 27, 163, '0', 0, 1, 0, 1, '0000-00-00'),
(290, 4155, 2, 26, 7, '0', 0, 1, 0, 0, '0000-00-00'),
(291, 4155, 33, 27, 193, '0', 0, 1, 0, 1, '0000-00-00'),
(292, 147672, 23, 27, 133, '0', 0, 1, 0, 1, '0000-00-00'),
(293, 147672, 61, 29, 361, '0', 0, 1, 0, 1, '0000-00-00'),
(294, 147673, 64, 29, 379, '600', 1, 1, 0, 0, '0000-00-00'),
(295, 147673, 43, 27, 253, '0', 0, 1, 0, 1, '0000-00-00'),
(296, 147672, 57, 29, 337, '0', 0, 1, 0, 1, '0000-00-00'),
(297, 147674, 5, 26, 25, '0', 0, 1, 0, 1, '0000-00-00'),
(298, 147677, 60, 29, 355, '600', 1, 1, 0, 1, '0000-00-00'),
(299, 147677, 26, 27, 151, '600', 1, 1, 0, 1, '0000-00-00'),
(300, 147677, 47, 28, 277, '600', 1, 1, 0, 1, '0000-00-00'),
(301, 147677, 20, 27, 115, '0', 0, 1, 0, 1, '0000-00-00'),
(302, 147677, 2, 26, 7, '600', 1, 1, 0, 1, '0000-00-00'),
(303, 147677, 27, 27, 0, '0', 1, 1, 1, 1, '0000-00-00'),
(304, 147677, 30, 27, 0, '0', 1, 1, 1, 1, '0000-00-00'),
(305, 147677, 14, 27, 79, '600', 1, 1, 0, 1, '0000-00-00'),
(306, 147677, 7, 26, 37, '0', 0, 1, 0, 1, '0000-00-00'),
(307, 147677, 8, 26, 43, '0', 0, 1, 0, 1, '0000-00-00'),
(308, 147677, 51, 28, 301, '600', 1, 1, 0, 1, '0000-00-00'),
(309, 147677, 56, 29, 0, '0', 1, 1, 1, 1, '0000-00-00'),
(310, 147677, 64, 29, 0, '0', 1, 1, 1, 1, '0000-00-00'),
(311, 147677, 61, 29, 361, '0', 0, 1, 0, 1, '0000-00-00'),
(312, 147677, 50, 28, 295, '0', 0, 1, 0, 1, '0000-00-00'),
(313, 147677, 54, 28, 319, '480', 1, 1, 0, 1, '0000-00-00'),
(314, 147677, 58, 29, 343, '0', 0, 1, 0, 1, '0000-00-00'),
(315, 147677, 29, 27, 169, '0', 0, 1, 0, 1, '0000-00-00'),
(316, 147677, 22, 27, 127, '0', 0, 1, 0, 1, '0000-00-00'),
(317, 147677, 63, 29, 373, '0', 0, 1, 0, 1, '0000-00-00'),
(318, 147677, 62, 29, 367, '600', 1, 1, 0, 1, '0000-00-00'),
(319, 147677, 24, 27, 139, '0', 0, 1, 0, 1, '0000-00-00'),
(320, 147677, 37, 27, 0, '0', 1, 1, 1, 1, '0000-00-00'),
(321, 147677, 45, 28, 0, '0', 1, 1, 1, 1, '0000-00-00'),
(322, 147677, 57, 29, 337, '600', 1, 1, 0, 1, '0000-00-00'),
(323, 147677, 6, 26, 31, '600', 1, 1, 0, 1, '0000-00-00'),
(324, 147677, 42, 27, 247, '0', 0, 1, 0, 1, '0000-00-00'),
(325, 147677, 59, 29, 349, '0', 0, 1, 0, 1, '0000-00-00'),
(326, 147677, 48, 28, 283, '0', 0, 1, 0, 1, '0000-00-00'),
(327, 147677, 55, 28, 325, '0', 0, 1, 0, 1, '0000-00-00'),
(328, 147677, 46, 28, 271, '0', 0, 1, 0, 1, '0000-00-00'),
(329, 147677, 49, 28, 289, '0', 0, 1, 0, 1, '0000-00-00'),
(330, 147677, 52, 28, 307, '0', 0, 1, 0, 0, '0000-00-00'),
(331, 147677, 4, 26, 19, '0', 0, 1, 0, 1, '0000-00-00'),
(332, 147677, 53, 28, 313, '600', 1, 1, 0, 0, '0000-00-00'),
(333, 147677, 11, 26, 61, '0', 0, 1, 0, 1, '0000-00-00'),
(334, 147677, 31, 27, 181, '0', 0, 1, 0, 1, '0000-00-00'),
(335, 147677, 1, 26, 1, '0', 0, 1, 0, 1, '0000-00-00'),
(336, 147677, 39, 27, 229, '0', 0, 1, 0, 1, '0000-00-00'),
(337, 147677, 12, 26, 67, '0', 0, 1, 0, 1, '0000-00-00'),
(338, 147675, 31, 27, 181, '0', 0, 1, 0, 1, '0000-00-00'),
(339, 147677, 10, 26, 55, '600', 1, 1, 0, 1, '0000-00-00'),
(340, 147677, 3, 26, 13, '0', 0, 1, 0, 1, '0000-00-00'),
(341, 147677, 9, 26, 49, '0', 0, 1, 0, 1, '0000-00-00'),
(342, 147677, 5, 26, 25, '0', 0, 1, 0, 1, '0000-00-00'),
(343, 147677, 17, 27, 97, '600', 1, 1, 0, 1, '0000-00-00'),
(344, 147677, 32, 27, 187, '442', 1, 1, 0, 1, '0000-00-00'),
(345, 147677, 35, 27, 0, '0', 1, 1, 1, 1, '0000-00-00'),
(346, 147677, 38, 27, 223, '0', 0, 1, 0, 1, '0000-00-00'),
(347, 147677, 28, 27, 0, '0', 1, 1, 1, 1, '0000-00-00'),
(348, 147677, 23, 27, 0, '0', 1, 1, 1, 1, '0000-00-00'),
(349, 147677, 18, 27, 103, '562', 1, 1, 0, 1, '0000-00-00'),
(350, 147677, 18, 27, 103, '562', 1, 1, 0, 1, '0000-00-00'),
(351, 147677, 18, 27, 103, '562', 1, 1, 0, 1, '0000-00-00'),
(352, 147677, 16, 27, 91, '0', 0, 1, 0, 1, '0000-00-00'),
(353, 147677, 15, 27, 85, '0', 0, 1, 0, 1, '0000-00-00'),
(354, 147677, 15, 27, 85, '0', 0, 1, 0, 1, '0000-00-00'),
(355, 147677, 15, 27, 85, '0', 0, 1, 0, 1, '0000-00-00'),
(356, 147677, 43, 27, 253, '38', 1, 1, 0, 1, '0000-00-00'),
(357, 147677, 43, 27, 253, '38', 1, 1, 0, 1, '0000-00-00'),
(358, 147677, 33, 27, 193, '480', 1, 1, 0, 1, '0000-00-00'),
(359, 147677, 21, 27, 121, '0', 0, 1, 0, 1, '0000-00-00'),
(360, 147677, 41, 27, 241, '0', 0, 1, 0, 1, '0000-00-00'),
(361, 147677, 36, 27, 211, '382', 1, 1, 0, 1, '0000-00-00'),
(362, 147677, 34, 27, 199, '600', 1, 1, 0, 1, '0000-00-00'),
(363, 2240, 33, 27, 193, '438', 1, 1, 0, 1, '0000-00-00'),
(364, 147680, 63, 29, 373, '600', 1, 1, 0, 1, '0000-00-00'),
(365, 147680, 21, 27, 0, '0', 1, 1, 1, 0, '0000-00-00'),
(366, 147680, 17, 27, 97, '0', 0, 1, 0, 0, '0000-00-00'),
(367, 147680, 46, 28, 0, '0', 1, 1, 1, 0, '0000-00-00'),
(368, 147680, 48, 28, 0, '0', 1, 1, 1, 0, '0000-00-00'),
(369, 147680, 28, 27, 163, '0', 0, 1, 0, 0, '0000-00-00'),
(370, 147680, 28, 27, 0, '0', 1, 1, 1, 0, '0000-00-00'),
(371, 147680, 61, 29, 361, '600', 1, 1, 0, 1, '0000-00-00'),
(372, 147681, 40, 27, 235, '520', 1, 1, 0, 1, '0000-00-00'),
(373, 147681, 10, 26, 55, '276', 1, 1, 0, 1, '0000-00-00'),
(374, 147681, 64, 29, 379, '0', 0, 1, 0, 1, '0000-00-00'),
(375, 147681, 35, 27, 205, '0', 0, 1, 0, 1, '0000-00-00'),
(376, 147682, 22, 27, 127, '0', 0, 1, 0, 1, '0000-00-00'),
(377, 147682, 17, 27, 97, '0', 0, 1, 0, 1, '0000-00-00'),
(378, 147679, 41, 27, 241, '302', 1, 1, 0, 1, '0000-00-00'),
(379, 147679, 15, 27, 85, '542', 1, 1, 0, 1, '0000-00-00'),
(380, 147679, 47, 28, 277, '0', 0, 1, 0, 0, '0000-00-00'),
(381, 147679, 48, 28, 0, '0', 1, 1, 1, 0, '0000-00-00'),
(382, 147679, 2, 26, 7, '0', 0, 1, 0, 1, '0000-00-00'),
(383, 147679, 60, 29, 355, '530', 1, 1, 0, 1, '0000-00-00'),
(384, 147679, 63, 29, 373, '0', 0, 1, 0, 1, '0000-00-00'),
(385, 147682, 63, 29, 373, '0', 0, 1, 0, 1, '0000-00-00'),
(386, 147683, 64, 29, 379, '0', 0, 1, 0, 1, '0000-00-00'),
(387, 147683, 57, 29, 0, '0', 1, 1, 1, 1, '0000-00-00'),
(388, 147683, 62, 29, 367, '0', 0, 1, 0, 1, '0000-00-00'),
(389, 147683, 56, 29, 331, '0', 0, 1, 0, 1, '0000-00-00'),
(390, 147683, 46, 28, 271, '168', 1, 1, 0, 1, '0000-00-00'),
(391, 147683, 48, 28, 283, '314', 1, 1, 0, 1, '0000-00-00'),
(392, 147683, 10, 26, 55, '0', 0, 1, 0, 1, '0000-00-00'),
(393, 147683, 29, 27, 0, '0', 1, 1, 1, 1, '0000-00-00'),
(394, 147683, 21, 27, 121, '126', 1, 1, 0, 1, '0000-00-00'),
(395, 147683, 59, 29, 349, '0', 0, 1, 0, 1, '0000-00-00'),
(396, 147683, 58, 29, 343, '0', 0, 1, 0, 1, '0000-00-00'),
(397, 147683, 60, 29, 355, '0', 0, 1, 0, 1, '0000-00-00'),
(398, 147683, 45, 28, 265, '0', 0, 1, 0, 1, '0000-00-00'),
(399, 147683, 49, 28, 289, '0', 0, 1, 0, 1, '0000-00-00'),
(400, 147683, 61, 29, 361, '600', 1, 1, 0, 0, '0000-00-00'),
(401, 147683, 2, 26, 7, '286', 1, 1, 0, 1, '0000-00-00'),
(402, 147683, 63, 29, 373, '0', 0, 1, 0, 0, '0000-00-00'),
(403, 147683, 7, 26, 37, '0', 0, 1, 0, 1, '0000-00-00'),
(404, 147683, 11, 26, 61, '0', 0, 1, 0, 1, '0000-00-00'),
(405, 147683, 52, 28, 0, '0', 1, 1, 1, 1, '0000-00-00'),
(406, 147683, 5, 26, 0, '0', 1, 1, 1, 1, '0000-00-00'),
(407, 147683, 31, 27, 0, '0', 1, 1, 1, 1, '0000-00-00'),
(408, 147683, 30, 27, 175, '524', 1, 1, 0, 1, '0000-00-00'),
(409, 147683, 8, 26, 43, '0', 0, 1, 0, 1, '0000-00-00'),
(410, 147683, 1, 26, 1, '600', 1, 1, 0, 1, '0000-00-00'),
(411, 147683, 33, 27, 0, '0', 1, 1, 1, 1, '0000-00-00'),
(412, 147683, 6, 26, 0, '0', 1, 1, 1, 1, '0000-00-00'),
(413, 147683, 26, 27, 151, '0', 0, 1, 0, 1, '0000-00-00'),
(414, 147683, 3, 26, 0, '0', 1, 1, 1, 1, '0000-00-00'),
(415, 147683, 9, 26, 49, '600', 1, 1, 0, 1, '0000-00-00'),
(416, 147683, 39, 27, 229, '0', 0, 1, 0, 1, '0000-00-00'),
(417, 147683, 4, 26, 19, '0', 0, 1, 0, 0, '0000-00-00'),
(418, 147683, 12, 26, 0, '0', 1, 1, 1, 0, '0000-00-00'),
(419, 147683, 38, 27, 223, '0', 0, 1, 0, 1, '0000-00-00'),
(420, 147683, 55, 28, 325, '10', 1, 1, 0, 1, '0000-00-00'),
(421, 147686, 57, 29, 337, '600', 1, 1, 0, 1, '0000-00-00'),
(422, 147687, 62, 29, 367, '600', 1, 1, 0, 1, '0000-00-00'),
(423, 147687, 61, 29, 361, '600', 1, 1, 0, 0, '0000-00-00'),
(424, 147687, 23, 27, 0, '0', 1, 1, 1, 1, '0000-00-00'),
(425, 147687, 7, 26, 0, '0', 1, 1, 1, 0, '0000-00-00'),
(426, 147687, 14, 27, 0, '0', 1, 1, 1, 1, '0000-00-00'),
(427, 147687, 47, 28, 0, '0', 1, 1, 1, 1, '0000-00-00'),
(428, 147687, 52, 28, 0, '0', 1, 1, 1, 1, '0000-00-00'),
(429, 147687, 55, 28, 0, '0', 1, 1, 1, 1, '0000-00-00'),
(430, 147687, 45, 28, 0, '0', 1, 1, 1, 1, '0000-00-00'),
(431, 147687, 48, 28, 0, '0', 1, 1, 1, 1, '0000-00-00'),
(432, 147687, 6, 26, 0, '0', 1, 1, 1, 0, '0000-00-00'),
(433, 147687, 11, 26, 0, '0', 1, 1, 1, 0, '0000-00-00'),
(434, 147687, 2, 26, 0, '0', 1, 1, 1, 0, '0000-00-00'),
(435, 147687, 3, 26, 0, '0', 1, 1, 1, 0, '0000-00-00'),
(436, 147687, 13, 27, 0, '0', 1, 1, 1, 1, '0000-00-00'),
(437, 147693, 2, 26, 0, '0', 1, 1, 1, 0, '0000-00-00'),
(438, 147693, 64, 29, 379, '0', 0, 1, 0, 1, '0000-00-00'),
(439, 147693, 47, 28, 277, '0', 0, 1, 0, 1, '0000-00-00'),
(440, 147693, 58, 29, 343, '0', 0, 1, 0, 1, '0000-00-00'),
(441, 147693, 55, 28, 325, '600', 1, 1, 0, 0, '0000-00-00'),
(442, 147693, 1, 26, 1, '600', 1, 1, 0, 0, '0000-00-00'),
(443, 147693, 56, 29, 331, '600', 1, 1, 0, 1, '0000-00-00'),
(444, 147693, 60, 29, 355, '600', 1, 1, 0, 1, '0000-00-00'),
(445, 147693, 63, 29, 373, '0', 0, 1, 0, 0, '0000-00-00'),
(446, 147694, 51, 28, 0, '0', 1, 1, 1, 1, '0000-00-00'),
(447, 147694, 57, 29, 337, '600', 1, 1, 0, 1, '0000-00-00'),
(448, 147694, 61, 29, 361, '600', 1, 1, 0, 1, '0000-00-00'),
(449, 147694, 63, 29, 373, '0', 0, 1, 0, 1, '0000-00-00'),
(450, 147694, 9, 26, 49, '0', 0, 1, 0, 1, '0000-00-00'),
(451, 147694, 50, 28, 295, '0', 0, 1, 0, 1, '0000-00-00'),
(452, 147694, 49, 28, 289, '0', 0, 1, 0, 1, '0000-00-00'),
(453, 147695, 63, 29, 0, '0', 1, 1, 1, 1, '0000-00-00'),
(454, 147695, 57, 29, 0, '0', 1, 1, 1, 1, '0000-00-00'),
(455, 147695, 53, 28, 0, '0', 1, 1, 1, 1, '0000-00-00'),
(456, 147695, 49, 28, 289, '0', 0, 1, 0, 1, '0000-00-00'),
(457, 147695, 9, 26, 49, '600', 1, 1, 0, 1, '0000-00-00'),
(458, 147695, 6, 26, 31, '0', 0, 1, 0, 1, '0000-00-00'),
(459, 147695, 64, 29, 379, '0', 0, 1, 0, 1, '0000-00-00'),
(460, 147695, 58, 29, 0, '0', 1, 1, 1, 1, '0000-00-00'),
(461, 147695, 47, 28, 0, '0', 1, 1, 1, 1, '0000-00-00'),
(462, 147695, 42, 27, 247, '570', 1, 1, 0, 1, '0000-00-00'),
(463, 147695, 60, 29, 355, '0', 0, 1, 0, 1, '0000-00-00'),
(464, 147695, 25, 27, 145, '0', 0, 1, 0, 1, '0000-00-00'),
(465, 147695, 62, 29, 367, '0', 0, 1, 0, 1, '0000-00-00'),
(466, 147695, 18, 27, 103, '494', 1, 1, 0, 1, '0000-00-00'),
(467, 147695, 48, 28, 283, '446', 1, 1, 0, 1, '0000-00-00'),
(468, 147695, 56, 29, 331, '0', 0, 1, 0, 1, '0000-00-00'),
(469, 147695, 61, 29, 361, '600', 1, 1, 0, 1, '0000-00-00'),
(470, 147695, 45, 28, 265, '600', 1, 1, 0, 1, '0000-00-00'),
(471, 147695, 55, 28, 325, '0', 0, 1, 0, 1, '0000-00-00'),
(472, 147695, 39, 27, 229, '0', 0, 1, 0, 1, '0000-00-00'),
(473, 147695, 59, 29, 349, '600', 1, 1, 0, 1, '0000-00-00'),
(474, 147695, 23, 27, 133, '0', 0, 1, 0, 1, '0000-00-00'),
(475, 147695, 50, 28, 295, '0', 0, 1, 0, 1, '0000-00-00'),
(476, 147695, 52, 28, 307, '600', 1, 1, 0, 1, '0000-00-00'),
(477, 147695, 46, 28, 271, '0', 0, 1, 0, 1, '0000-00-00'),
(478, 147695, 10, 26, 55, '0', 0, 1, 0, 1, '0000-00-00'),
(479, 147695, 1, 26, 1, '0', 0, 1, 0, 1, '0000-00-00'),
(480, 147695, 54, 28, 319, '0', 0, 1, 0, 1, '0000-00-00'),
(481, 147695, 35, 27, 205, '600', 1, 1, 0, 1, '0000-00-00'),
(482, 147695, 37, 27, 217, '600', 1, 1, 0, 1, '0000-00-00'),
(483, 147695, 51, 28, 301, '0', 0, 1, 0, 0, '0000-00-00'),
(484, 147695, 24, 27, 139, '0', 0, 1, 0, 1, '0000-00-00'),
(485, 147695, 4, 26, 19, '600', 1, 1, 0, 1, '0000-00-00'),
(486, 147695, 21, 27, 121, '0', 0, 1, 0, 1, '0000-00-00'),
(487, 147695, 11, 26, 61, '0', 0, 1, 0, 1, '0000-00-00'),
(488, 147695, 7, 26, 37, '600', 1, 1, 0, 1, '0000-00-00'),
(489, 147695, 41, 27, 241, '0', 0, 1, 0, 1, '0000-00-00'),
(490, 147695, 29, 27, 169, '0', 0, 1, 0, 1, '0000-00-00'),
(491, 147695, 30, 27, 175, '560', 1, 1, 0, 1, '0000-00-00'),
(492, 147695, 28, 27, 163, '0', 0, 1, 0, 1, '0000-00-00'),
(493, 147695, 2, 26, 7, '0', 0, 1, 0, 1, '0000-00-00'),
(494, 147695, 17, 27, 97, '0', 0, 1, 0, 1, '0000-00-00'),
(495, 147695, 3, 26, 13, '0', 0, 1, 0, 1, '0000-00-00'),
(496, 147695, 8, 26, 43, '600', 1, 1, 0, 1, '0000-00-00'),
(497, 147695, 27, 27, 157, '600', 1, 1, 0, 1, '0000-00-00'),
(498, 147695, 38, 27, 223, '600', 1, 1, 0, 1, '0000-00-00'),
(499, 147695, 22, 27, 127, '600', 1, 1, 0, 1, '0000-00-00'),
(500, 147695, 5, 26, 25, '0', 0, 1, 0, 1, '0000-00-00'),
(501, 147695, 15, 27, 85, '0', 0, 1, 0, 1, '0000-00-00'),
(502, 147695, 12, 26, 67, '0', 0, 1, 0, 1, '0000-00-00'),
(503, 2240, 54, 28, 319, '600', 1, 1, 0, 1, '0000-00-00'),
(504, 2240, 65, 30, 385, '0', 0, 1, 0, 1, '0000-00-00'),
(505, 147688, 53, 28, 313, '0', 0, 1, 0, 1, '0000-00-00'),
(506, 147684, 46, 28, 271, '0', 0, 1, 0, 1, '0000-00-00'),
(507, 147684, 53, 28, 0, '0', 1, 1, 1, 1, '0000-00-00'),
(508, 147684, 54, 28, 0, '0', 1, 1, 1, 1, '0000-00-00'),
(509, 147684, 51, 28, 0, '0', 1, 1, 1, 1, '0000-00-00'),
(510, 147698, 22, 27, 127, '0', 0, 1, 0, 1, '0000-00-00'),
(511, 147698, 55, 28, 0, '0', 1, 1, 1, 1, '0000-00-00'),
(512, 147698, 7, 26, 0, '0', 1, 1, 1, 1, '0000-00-00'),
(513, 147698, 65, 30, 0, '0', 1, 1, 1, 0, '0000-00-00'),
(514, 147698, 11, 26, 0, '0', 1, 1, 1, 1, '0000-00-00'),
(515, 147698, 49, 28, 289, '456', 1, 1, 0, 1, '0000-00-00'),
(516, 147698, 58, 29, 0, '0', 1, 1, 1, 1, '0000-00-00'),
(517, 147684, 65, 30, 0, '0', 1, 1, 1, 0, '0000-00-00'),
(518, 147684, 18, 27, 0, '0', 1, 1, 1, 1, '0000-00-00'),
(519, 147684, 55, 28, 325, '600', 1, 1, 0, 1, '0000-00-00'),
(520, 147684, 48, 28, 283, '0', 0, 1, 0, 1, '0000-00-00'),
(521, 147698, 42, 27, 247, '0', 0, 1, 0, 1, '0000-00-00'),
(522, 147698, 54, 28, 0, '0', 1, 1, 1, 0, '0000-00-00'),
(523, 147698, 47, 28, 0, '0', 1, 1, 1, 0, '0000-00-00'),
(524, 147698, 63, 29, 0, '0', 1, 1, 1, 1, '0000-00-00'),
(525, 147698, 27, 27, 157, '0', 0, 1, 0, 0, '0000-00-00'),
(526, 147698, 6, 26, 0, '0', 1, 1, 1, 1, '0000-00-00'),
(527, 147699, 65, 30, 0, '0', 1, 1, 1, 0, '0000-00-00'),
(528, 147699, 28, 27, 0, '0', 1, 1, 1, 1, '0000-00-00'),
(529, 147699, 11, 26, 61, '0', 0, 1, 0, 1, '0000-00-00'),
(530, 147684, 61, 29, 361, '0', 0, 1, 0, 1, '0000-00-00'),
(531, 147699, 6, 26, 31, '0', 0, 1, 0, 1, '0000-00-00'),
(532, 147699, 53, 28, 313, '600', 1, 1, 0, 1, '0000-00-00'),
(533, 147699, 1, 26, 1, '0', 0, 1, 0, 1, '0000-00-00'),
(534, 147699, 45, 28, 265, '600', 1, 1, 0, 1, '0000-00-00'),
(535, 147697, 58, 29, 343, '0', 0, 1, 0, 1, '0000-00-00'),
(536, 147697, 65, 30, 385, '0', 0, 1, 0, 1, '0000-00-00'),
(537, 147697, 60, 29, 355, '0', 0, 1, 0, 1, '0000-00-00'),
(538, 147697, 4, 26, 19, '558', 1, 1, 0, 0, '0000-00-00'),
(539, 147697, 11, 26, 0, '0', 1, 1, 1, 0, '0000-00-00'),
(540, 147697, 64, 29, 379, '0', 0, 1, 0, 1, '0000-00-00'),
(541, 147697, 41, 27, 241, '0', 0, 1, 0, 1, '0000-00-00'),
(542, 147699, 46, 28, 271, '0', 0, 1, 0, 1, '0000-00-00'),
(543, 147700, 21, 27, 121, '600', 1, 1, 0, 1, '0000-00-00'),
(544, 147700, 11, 26, 61, '0', 0, 1, 0, 1, '0000-00-00'),
(545, 147701, 58, 29, 0, '0', 1, 1, 1, 1, '0000-00-00'),
(546, 147701, 32, 27, 0, '0', 1, 1, 1, 1, '0000-00-00'),
(547, 147701, 11, 26, 61, '0', 0, 1, 0, 1, '0000-00-00'),
(548, 147701, 42, 27, 247, '0', 0, 1, 0, 1, '0000-00-00'),
(549, 147701, 65, 30, 385, '0', 0, 1, 0, 1, '0000-00-00'),
(550, 147701, 4, 26, 19, '0', 0, 1, 0, 1, '0000-00-00'),
(551, 147701, 53, 28, 313, '0', 0, 1, 0, 1, '0000-00-00'),
(552, 147701, 45, 28, 265, '0', 0, 1, 0, 1, '0000-00-00'),
(553, 147701, 64, 29, 379, '600', 1, 1, 0, 1, '0000-00-00'),
(554, 147701, 16, 27, 91, '600', 1, 1, 0, 1, '0000-00-00'),
(555, 147701, 54, 28, 319, '600', 1, 1, 0, 1, '0000-00-00'),
(556, 147701, 1, 26, 1, '0', 0, 1, 0, 1, '0000-00-00'),
(557, 147701, 8, 26, 43, '0', 0, 1, 0, 1, '0000-00-00'),
(558, 147701, 33, 27, 193, '0', 0, 1, 0, 1, '0000-00-00'),
(559, 147700, 65, 30, 385, '0', 0, 1, 0, 1, '0000-00-00'),
(560, 147700, 57, 29, 337, '0', 0, 1, 0, 0, '0000-00-00'),
(561, 147700, 45, 28, 265, '600', 1, 1, 0, 0, '0000-00-00'),
(562, 147700, 41, 27, 241, '0', 0, 1, 0, 1, '0000-00-00'),
(563, 147701, 60, 29, 355, '0', 0, 1, 0, 1, '0000-00-00'),
(564, 147701, 10, 26, 0, '0', 1, 1, 1, 1, '0000-00-00'),
(565, 147701, 12, 26, 67, '0', 0, 1, 0, 1, '0000-00-00'),
(566, 147701, 2, 26, 7, '0', 0, 1, 0, 1, '0000-00-00'),
(567, 147701, 7, 26, 37, '0', 0, 1, 0, 1, '0000-00-00'),
(568, 147701, 43, 27, 253, '0', 0, 1, 0, 1, '0000-00-00'),
(569, 147701, 30, 27, 175, '12', 1, 1, 0, 1, '0000-00-00'),
(570, 147701, 6, 26, 31, '298', 1, 1, 0, 1, '0000-00-00'),
(571, 147701, 63, 29, 373, '0', 0, 1, 0, 1, '0000-00-00'),
(572, 147701, 49, 28, 289, '0', 0, 1, 0, 1, '0000-00-00'),
(573, 147701, 34, 27, 199, '0', 0, 1, 0, 1, '0000-00-00'),
(574, 147701, 50, 28, 295, '600', 1, 1, 0, 1, '0000-00-00'),
(575, 147701, 3, 26, 13, '600', 1, 1, 0, 0, '0000-00-00'),
(576, 147701, 56, 29, 331, '600', 1, 1, 0, 1, '0000-00-00'),
(577, 147701, 22, 27, 127, '600', 1, 1, 0, 1, '0000-00-00'),
(578, 147701, 52, 28, 307, '0', 0, 1, 0, 1, '0000-00-00'),
(579, 147701, 5, 26, 25, '0', 0, 1, 0, 0, '0000-00-00'),
(580, 147701, 46, 28, 271, '600', 1, 1, 0, 0, '0000-00-00'),
(581, 147701, 62, 29, 367, '600', 1, 1, 0, 1, '0000-00-00'),
(582, 147701, 14, 27, 79, '0', 0, 1, 0, 1, '0000-00-00'),
(583, 147701, 51, 28, 301, '600', 1, 1, 0, 0, '0000-00-00'),
(584, 147701, 61, 29, 361, '0', 0, 1, 0, 1, '0000-00-00'),
(585, 147701, 9, 26, 49, '0', 0, 1, 0, 0, '0000-00-00'),
(586, 147701, 55, 28, 325, '600', 1, 1, 0, 0, '0000-00-00'),
(587, 147701, 35, 27, 205, '0', 0, 1, 0, 1, '0000-00-00'),
(588, 147701, 57, 29, 337, '0', 0, 1, 0, 1, '0000-00-00'),
(589, 147701, 23, 27, 133, '0', 0, 1, 0, 1, '0000-00-00'),
(590, 147701, 59, 29, 349, '0', 0, 1, 0, 0, '0000-00-00'),
(591, 147701, 47, 28, 277, '0', 0, 1, 0, 0, '0000-00-00'),
(592, 147701, 48, 28, 283, '0', 0, 1, 0, 0, '0000-00-00'),
(593, 147701, 19, 27, 109, '0', 0, 1, 0, 1, '0000-00-00'),
(594, 147701, 40, 27, 235, '0', 0, 1, 0, 1, '0000-00-00'),
(595, 147701, 15, 27, 85, '0', 0, 1, 0, 1, '0000-00-00'),
(596, 147701, 31, 27, 181, '600', 1, 1, 0, 1, '0000-00-00'),
(597, 147701, 25, 27, 145, '0', 0, 1, 0, 1, '0000-00-00'),
(598, 147701, 20, 27, 115, '600', 1, 1, 0, 1, '0000-00-00'),
(599, 147701, 18, 27, 103, '600', 1, 1, 0, 1, '0000-00-00'),
(600, 147701, 21, 27, 121, '600', 1, 1, 0, 1, '0000-00-00'),
(601, 147701, 24, 27, 139, '600', 1, 1, 0, 1, '0000-00-00'),
(602, 147701, 29, 27, 169, '0', 0, 1, 0, 1, '0000-00-00'),
(603, 147701, 44, 27, 259, '0', 0, 1, 0, 1, '0000-00-00'),
(604, 147701, 28, 27, 163, '600', 1, 1, 0, 1, '0000-00-00'),
(605, 147701, 36, 27, 211, '0', 0, 1, 0, 1, '0000-00-00'),
(606, 147701, 38, 27, 223, '0', 0, 1, 0, 1, '0000-00-00'),
(607, 147701, 37, 27, 217, '0', 0, 1, 0, 1, '0000-00-00'),
(608, 147701, 13, 27, 73, '0', 0, 1, 0, 1, '0000-00-00'),
(609, 147701, 27, 27, 157, '600', 1, 1, 0, 1, '0000-00-00'),
(610, 147701, 26, 27, 151, '0', 0, 1, 0, 1, '0000-00-00'),
(611, 147701, 41, 27, 241, '0', 0, 1, 0, 1, '0000-00-00'),
(612, 147701, 39, 27, 229, '600', 1, 1, 0, 1, '0000-00-00'),
(613, 147684, 62, 29, 367, '600', 1, 1, 0, 1, '0000-00-00'),
(614, 147684, 20, 27, 115, '600', 1, 1, 0, 1, '0000-00-00'),
(615, 147684, 50, 28, 295, '0', 0, 1, 0, 1, '0000-00-00'),
(616, 2240, 50, 28, 295, '0', 0, 1, 0, 1, '0000-00-00'),
(617, 2240, 49, 28, 289, '0', 0, 1, 0, 0, '0000-00-00'),
(618, 2240, 30, 27, 175, '0', 0, 1, 0, 1, '0000-00-00'),
(619, 2240, 48, 28, 0, '0', 1, 1, 1, 0, '0000-00-00'),
(620, 2240, 43, 27, 253, '0', 0, 1, 0, 1, '0000-00-00'),
(621, 2240, 32, 27, 187, '600', 1, 1, 0, 1, '0000-00-00'),
(622, 2240, 6, 26, 31, '0', 0, 1, 0, 1, '0000-00-00'),
(623, 2240, 5, 26, 25, '0', 0, 1, 0, 1, '0000-00-00'),
(624, 147684, 52, 28, 307, '0', 0, 1, 0, 1, '0000-00-00'),
(625, 2243, 16, 27, 91, '0', 0, 1, 0, 0, '0000-00-00'),
(626, 2243, 65, 30, 385, '0', 0, 1, 0, 1, '0000-00-00'),
(627, 147703, 45, 28, 265, '600', 1, 1, 0, 0, '0000-00-00'),
(628, 147703, 65, 30, 385, '0', 0, 1, 0, 0, '0000-00-00'),
(629, 147703, 52, 28, 307, '600', 1, 1, 0, 0, '0000-00-00'),
(630, 147703, 63, 29, 373, '0', 0, 1, 0, 0, '0000-00-00'),
(631, 147703, 62, 29, 367, '0', 0, 1, 0, 0, '0000-00-00'),
(632, 147703, 53, 28, 313, '0', 0, 1, 0, 0, '0000-00-00'),
(633, 147687, 25, 27, 145, '434', 1, 1, 0, 1, '0000-00-00');

-- --------------------------------------------------------

--
-- Table structure for table `report_and_errors`
--

CREATE TABLE IF NOT EXISTS `report_and_errors` (
  `id` int(11) NOT NULL AUTO_INCREMENT,
  `question_id` int(11) NOT NULL,
  `user_id` int(11) NOT NULL,
  `message` varchar(255) CHARACTER SET utf8 COLLATE utf8_unicode_ci NOT NULL,
  `date` varchar(255) CHARACTER SET utf8 COLLATE utf8_unicode_ci NOT NULL,
  PRIMARY KEY (`id`)
) ENGINE=MyISAM  DEFAULT CHARSET=latin1 AUTO_INCREMENT=16 ;

--
-- Dumping data for table `report_and_errors`
--

INSERT INTO `report_and_errors` (`id`, `question_id`, `user_id`, `message`, `date`) VALUES
(6, 62, 2243, 'Lolland ', '23-06-2015'),
(5, 34, 2243, 'Please Dong ', '23-06-2015'),
(4, 64, 2243, 'who swam the fasf', '23-06-2015'),
(7, 52, 2243, 'Hellooooooo', '23-06-2015'),
(8, 60, 2243, 'Kdjdjfnxn', '23-06-2015'),
(9, 51, 2243, 'Lfgjghkfbgmfgbfghnfgjm ', '23-06-2015'),
(10, 2234, 2236, 'gurudutt is right', '23-06-2015'),
(11, 2234, 2243, 'gurudutt is right', '23-06-2015'),
(12, 51, 2243, 'Jjkkjjkukkghkhg ', '23-06-2015'),
(13, 62, 2243, 'Jjkllkbljbljb ', '23-06-2015'),
(14, 24, 147682, 'Ghjjjj', '27-08-2015'),
(15, 45, 147683, 'Gh hhb', '28-09-2015');

-- --------------------------------------------------------

--
-- Table structure for table `sitesettings`
--

CREATE TABLE IF NOT EXISTS `sitesettings` (
  `id` int(11) NOT NULL AUTO_INCREMENT,
  `title` varchar(250) NOT NULL,
  `web_url` varchar(250) NOT NULL,
  `keywords` varchar(250) NOT NULL,
  `site_desc` varchar(500) NOT NULL,
  `facebook_url` varchar(150) NOT NULL,
  `twitter_url` varchar(150) NOT NULL,
  `googleplus` varchar(150) NOT NULL,
  `site_email` varchar(100) NOT NULL,
  `site_address` varchar(500) NOT NULL,
  `analytic_code` varchar(500) NOT NULL,
  `server` varchar(200) NOT NULL,
  `port` int(11) NOT NULL,
  `username` varchar(100) NOT NULL,
  `password` varchar(100) NOT NULL,
  `server_auth` varchar(500) NOT NULL,
  PRIMARY KEY (`id`)
) ENGINE=InnoDB  DEFAULT CHARSET=latin1 AUTO_INCREMENT=3 ;

--
-- Dumping data for table `sitesettings`
--

INSERT INTO `sitesettings` (`id`, `title`, `web_url`, `keywords`, `site_desc`, `facebook_url`, `twitter_url`, `googleplus`, `site_email`, `site_address`, `analytic_code`, `server`, `port`, `username`, `password`, `server_auth`) VALUES
(2, 'Swimpedia', 'http://dev414.trigma.us/N-110BB/admin/', 'SwimPedia', 'Swimpedia', 'https://facebook.com/swimpedia', 'https://twitter.com/swimpedia', 'https://googleplus.com/swimpedia', 'Gurudutt.sharma@trigma.in', 'Swimpedia', '', '', 0, '', '', '');

-- --------------------------------------------------------

--
-- Table structure for table `staticpages`
--

CREATE TABLE IF NOT EXISTS `staticpages` (
  `id` int(11) NOT NULL AUTO_INCREMENT,
  `title` text NOT NULL,
  `content` longtext NOT NULL,
  `status` varchar(150) NOT NULL,
  PRIMARY KEY (`id`)
) ENGINE=InnoDB DEFAULT CHARSET=latin1 AUTO_INCREMENT=1 ;

-- --------------------------------------------------------

--
-- Table structure for table `topics`
--

CREATE TABLE IF NOT EXISTS `topics` (
  `id` int(11) NOT NULL AUTO_INCREMENT,
  `name` text CHARACTER SET utf8 COLLATE utf8_unicode_ci NOT NULL,
  `status` int(11) NOT NULL DEFAULT '1',
  PRIMARY KEY (`id`)
) ENGINE=InnoDB  DEFAULT CHARSET=latin1 AUTO_INCREMENT=31 ;

--
-- Dumping data for table `topics`
--

INSERT INTO `topics` (`id`, `name`, `status`) VALUES
(26, 'Dutch Olympians', 1),
(27, 'Random Trivia', 1),
(28, 'Great Butterfliers', 1),
(29, '2013 LC World Champs', 1),
(30, 'Ryan Lochte', 1);

-- --------------------------------------------------------

--
-- Table structure for table `users`
--

CREATE TABLE IF NOT EXISTS `users` (
  `id` bigint(22) NOT NULL AUTO_INCREMENT,
  `username` text NOT NULL,
  `password` text NOT NULL,
  `email` text NOT NULL,
  `birthday` varchar(255) CHARACTER SET utf8 COLLATE utf8_unicode_ci NOT NULL,
  `lives` int(11) NOT NULL DEFAULT '3',
  `lives_time` varchar(255) CHARACTER SET utf8 COLLATE utf8_unicode_ci NOT NULL,
  `cron_time` varchar(255) CHARACTER SET utf8 COLLATE utf8_unicode_ci NOT NULL,
  `click_no` int(11) NOT NULL DEFAULT '0',
  `click_time` varchar(255) CHARACTER SET utf8 COLLATE utf8_unicode_ci NOT NULL,
  `cron_time2` varchar(255) CHARACTER SET utf8 COLLATE utf8_unicode_ci NOT NULL,
  `token` text NOT NULL,
  `usertype_id` int(11) NOT NULL,
  `status` varchar(100) NOT NULL,
  `user_notification` varchar(11) CHARACTER SET utf8 COLLATE utf8_unicode_ci NOT NULL DEFAULT '1',
  `register_date` varchar(100) NOT NULL,
  `profile_image` varchar(250) NOT NULL,
  `contact` bigint(11) NOT NULL,
  `home_town` varchar(200) NOT NULL,
  `first_name` varchar(100) NOT NULL,
  `last_name` varchar(100) NOT NULL,
  `summary` text NOT NULL,
  `registertype` varchar(500) NOT NULL,
  `fb_id` varchar(255) NOT NULL,
  `twiter_id` varchar(255) NOT NULL,
  `devicetype` varchar(500) NOT NULL,
  `fbpassword` varchar(500) NOT NULL,
  PRIMARY KEY (`id`)
) ENGINE=MyISAM  DEFAULT CHARSET=latin1 AUTO_INCREMENT=147704 ;

--
-- Dumping data for table `users`
--

INSERT INTO `users` (`id`, `username`, `password`, `email`, `birthday`, `lives`, `lives_time`, `cron_time`, `click_no`, `click_time`, `cron_time2`, `token`, `usertype_id`, `status`, `user_notification`, `register_date`, `profile_image`, `contact`, `home_town`, `first_name`, `last_name`, `summary`, `registertype`, `fb_id`, `twiter_id`, `devicetype`, `fbpassword`) VALUES
(208, 'guru', 'd40becca68fdf2b75f1b2ba56dc618083c2e33af', 'sharm1a@gmail.com', '0000-00-00', 3, '2016-03-16 17:29:01', '2016-03-16 17:29:01', 0, '', '', '2cd15a6ef30fa81962b89b4320a371898569663b62901ccae20b0d11359bbadbdccb80a4601a2881a3e98c50093ac8015bea0b6f47ba2918b74add1934a1f64d', 6, '1', '1', '2014-12-06', '2015-07-02-8:14:27208image.png', 2147483647, '', 'tester', 'test', '', '', '', '', '', ''),
(209, 'test', '1ee66871d304ed728cf18812f22ce5f851453395', 'guruduttphpcode@gmail.com', '0000-00-00', 3, '2016-03-16 17:29:01', '2016-03-16 17:29:01', 0, '', '', '1f7a572145f152d9567a76e0b707c2afdbf1372f158ca339fb1bfe3b1dc14fe49a6cb8d7e73c058209ae83a3ee0eaf5bd7eaa61ed534688d4b9b60895aaf4e1a', 6, '1', '1', '2014-12-06', '1432568182_00600_HD.jpg', 2147483647, '', 'tester', 'test', '', '', '', '', '', ''),
(2223, 'admin', 'd40becca68fdf2b75f1b2ba56dc618083c2e33af', 'admin@gmail.com', '0000-00-00', 3, '2016-03-16 17:29:01', '2016-03-16 17:29:01', 0, '', '', '', 5, '1', '1', '2015-05-19', '1432763738_user-100.jpg', 8546098957, '', 'Lavkush', 'tripathi', '', '', '', '', '', ''),
(2231, 'Trigma', 'd40becca68fdf2b75f1b2ba56dc618083c2e33af', 'trigma@gmail.com', '0000-00-00', 3, '2016-03-16 17:29:01', '2016-03-16 17:29:01', 0, '', '', '', 6, '1', '1', '2015-05-26', '', 0, '', '', '', '', '', '', '', '', ''),
(2230, 'abc', 'd40becca68fdf2b75f1b2ba56dc618083c2e33af', 'abc@gmail.com', '0000-00-00', 3, '2016-03-16 17:29:01', '2016-03-16 17:29:01', 0, '', '', '', 6, '1', '1', '2015-05-26', '', 0, '', '', '', '', '', '', '', '', ''),
(2232, 'Trigma1', 'd40becca68fdf2b75f1b2ba56dc618083c2e33af', 'Trigma1@gmail.com', '0000-00-00', 3, '2016-03-16 17:29:01', '2016-03-16 17:29:01', 0, '', '2015-06-16 19:05:02', '', 6, '1', '1', '2015-05-26', '', 0, '', '', '', '', '', '', '', '', ''),
(2234, 'TrigmaSolu', 'd40becca68fdf2b75f1b2ba56dc618083c2e33af', 'Trigma2@gmail.com', '0000-00-00', 3, '2016-03-16 17:29:01', '2016-03-16 17:29:01', 0, '', '', '', 6, '1', '1', '2015-05-26', '', 0, '', '', '', '', '', '', '', '', ''),
(2235, 'shah', 'd40becca68fdf2b75f1b2ba56dc618083c2e33af', 'shah@gmail.com', '0000-00-00', 3, '2016-03-16 17:29:01', '2016-03-16 17:29:01', 0, '', '', '', 0, '1', '1', '2015-05-26', '', 0, '', '', '', '', '', '', '', '', ''),
(2239, 'Tarun', '03d4d797540bbc08fa7fe47e52dc21b503ac557f', 'tarun@gmail.com', '0000-00-00', 3, '2016-03-16 17:29:01', '2016-03-16 17:29:01', 0, '', '', '', 0, '1', '1', '2015-05-27', '2015-07-10-6:22:322239image.png', 0, '', '', '', '', '', '', '', '', ''),
(2240, 'scottg', '7b03e622aca47fe596b23c7e17a9eeedc4aea5bf', 'gblatt@gmail.com', '0000-00-00', 3, '2016-03-16 17:29:01', '2016-03-16 17:29:01', 0, '', '', 'e813a09646b4da9b125d5f93d8d38228a5d27a212ab64f339a2a8ae48f10d2b3fbfcf323dea2747419d6e9d813dbf31d40050cdfdb67e256fed024e5810271b8', 0, '1', '1', '2015-06-03', '2015-07-23-4:50:592240image.png', 0, '', '', '', '', '', '', '', '', ''),
(2242, 'Tarun Sharma', 'e9e9f7c3fb532c2c12bc6f46be443a32d639f310', 'trunshrma01@gmail.com', '0000-00-00', 3, '2016-03-16 17:29:01', '2016-03-16 17:29:01', 0, '', '', '', 0, '1', '1', '2015-06-08', '', 0, '', '', '', '', '', '', '', '', ''),
(2243, 'mr. X', '03d4d797540bbc08fa7fe47e52dc21b503ac557f', 't@gmail.com', '0000-00-00', 3, '2016-03-16 17:29:01', '2016-03-16 17:29:01', 0, '', '', '', 0, '1', '1', '2015-06-20', '2015-07-10-5:54:532243image.png', 0, '', '', '', '', '', '', '', '', ''),
(2248, 'Jon', '5e9b49161699b71c6a2aa9bcf09478185be7392d', 'jain@trigma.com', '2015-06-21', 3, '2016-03-16 17:29:01', '2016-03-16 17:29:01', 0, '', '', '', 0, '1', '1', '2015-07-20', '2015-07-22-12:48:092248image.png', 0, '', '', '', '', '', '', '', '', ''),
(2247, 'Tarun1', 'e9e9f7c3fb532c2c12bc6f46be443a32d639f310', 'tarun.kumar2@trigma.in', '1992-10-17', 3, '2016-03-16 17:29:01', '2016-03-16 17:29:01', 0, '', '', '8316abf12b7ec8a59fe10bb1ec50e4d9ec655e4d2c986b2012912761d80c92e8dba8462156a79cd23474bdede4ba4728438945bb7607871e837851dabe62537e', 0, '1', '1', '2015-07-17', '2015-08-12-12:24:432247image.png', 0, '', '', '', '', '', '', '', '', ''),
(2249, 'rob', 'b3cac66ea63ea8b9d7e7ac88a4f9bd19fdf3ea96', 'a@a.com', '2015-08-21', 3, '2016-03-16 17:29:01', '2016-03-16 17:29:01', 0, '', '', '', 0, '1', '1', '2015-07-20', '2015-07-20-11:15:212249image.png', 0, '', '', '', '', '', '', '', '', ''),
(2250, 'kill', 'b3cac66ea63ea8b9d7e7ac88a4f9bd19fdf3ea96', 'abc@abc.co.in', '2015-10-21', 3, '2016-03-16 17:29:01', '2016-03-16 17:29:01', 0, '', '', '', 0, '1', '1', '2015-07-21', '2015-07-21-6:47:422250image.png', 0, '', '', '', '', '', '', '', '', ''),
(4010, 'Arun', 'e9e9f7c3fb532c2c12bc6f46be443a32d639f310', 'arun@gmail.in', '2015-08-23', 3, '2016-03-16 17:29:01', '2016-03-16 17:29:01', 0, '', '', '', 0, '1', '1', '2015-07-23', '2015-07-23-12:10:514010image.png', 0, '', '', '', '', '', '', '', '', ''),
(4054, 'Prince', 'e9e9f7c3fb532c2c12bc6f46be443a32d639f310', 'P@gmail.com', '2015-08-23', 3, '2016-03-16 17:29:01', '2016-03-16 17:29:01', 0, '', '', '', 0, '1', '1', '2015-07-23', '', 0, '', '', '', '', '', '', '', '', ''),
(4144, 'gurudutt', 'd40becca68fdf2b75f1b2ba56dc618083c2e33af', 'gurudutt.sharma@trigma.in', '19-05-2015', 3, '2016-03-16 17:29:01', '2016-03-16 17:29:01', 0, '', '', '', 0, '1', '1', '2015-07-24', '4144profileImage.png', 0, '', '', '', '', 'twiter', '1234', '', '', ''),
(147675, 'pitbull', 'e9e9f7c3fb532c2c12bc6f46be443a32d639f310', 'pitbull@gmail.com', '2014-08-20', 3, '2016-03-16 17:29:01', '2016-03-16 17:29:01', 0, '', '', '', 0, '1', '1', '2015-08-20', '', 0, '', '', '', '', '', '', '', '', ''),
(4152, 'Sanjeev', 'b3cac66ea63ea8b9d7e7ac88a4f9bd19fdf3ea96', 'Sanjeev.jain@trigma.in', '2015-09-25', 3, '2016-03-16 17:29:01', '2016-03-16 17:29:01', 0, '', '', 'f870ddeb7041e7152dd190526835aaad3ccaa267', 0, '1', '1', '2015-07-24', '2015-07-24-10:45:244152image.png', 0, '', '', '', '', '', '', '', '', ''),
(4153, 'mann', 'e9e9f7c3fb532c2c12bc6f46be443a32d639f310', 'mann@gmail.com', '2013-07-08', 3, '2016-03-16 17:29:01', '2016-03-16 17:29:01', 0, '', '', '', 0, '1', '1', '2015-08-03', '4153profileImage.png', 0, '', '', '', '', '', '', '', '', ''),
(4154, 'taruns', 'e9e9f7c3fb532c2c12bc6f46be443a32d639f310', 'tarun.kumar2@gmail.com', '1992-10-21', 3, '2016-03-16 17:29:01', '2016-03-16 17:29:01', 0, '', '', '', 0, '1', '1', '2015-08-05', '2015-08-13-12:14:414154image.png', 0, '', '', '', '', '', '', '', '', ''),
(4155, 'qq', 'b3cac66ea63ea8b9d7e7ac88a4f9bd19fdf3ea96', 'b@a.com', '2015-10-19', 3, '2016-03-16 17:29:01', '2016-03-16 17:29:01', 0, '', '', '', 0, '1', '1', '2015-08-18', '', 0, '', '', '', '', '', '', '', '', ''),
(4156, 'gurudutt12345', 'd40becca68fdf2b75f1b2ba56dc618083c2e33af', 'gurudutt.sharma12345@trigma.in', '19-05-2015', 3, '2016-03-16 17:29:01', '2016-03-16 17:29:01', 0, '', '', '', 0, '1', '1', '2015-08-19', 'profileimage2.png', 0, '', '', '', '', '', '', '', '', ''),
(147671, 'gfdud', 'd40becca68fdf2b75f1b2ba56dc618083c2e33af', 'gfftdtd.shardsdsma@trigma.in', '19-05-2015', 3, '2016-03-16 17:29:01', '2016-03-16 17:29:01', 0, '', '', '', 0, '1', '1', '2015-08-19', '147671profileImage.png', 0, '', '', '', '', '', '', '', '', ''),
(147676, 'mm', '25ac590e6469fc56ebae0d3950a61412731da5a8', 'mm@mm.com', '2015-10-21', 3, '2016-03-16 17:29:01', '2016-03-16 17:29:01', 0, '', '', '', 0, '1', '1', '2015-08-20', '', 0, '', '', '', '', '', '', '', '', ''),
(147677, 'e', 'b3cac66ea63ea8b9d7e7ac88a4f9bd19fdf3ea96', 'e@gmail.com', '2015-11-21', 3, '2016-03-16 17:29:01', '2016-03-16 17:29:01', 0, '', '', '', 0, '1', '1', '2015-08-20', '', 0, '', '', '', '', '', '', '', '', ''),
(147678, 'w', 'b3cac66ea63ea8b9d7e7ac88a4f9bd19fdf3ea96', 'w@gmail.com', '1991-04-23', 3, '2016-03-16 17:29:01', '2016-03-16 17:29:01', 0, '', '', '', 0, '1', '1', '2015-08-20', '', 0, '', '', '', '', '', '', '', '', ''),
(147679, 'a', 'e9e9f7c3fb532c2c12bc6f46be443a32d639f310', 'a@gmail.com', '2013-08-21', 3, '2016-03-16 17:29:01', '2016-03-16 17:29:01', 0, '', '', '', 0, '1', '1', '2015-08-20', '2015-08-28-6:54:04147679image.png', 0, '', '', '', '', '', '', '', '', ''),
(147680, 'Rohan', 'b3cac66ea63ea8b9d7e7ac88a4f9bd19fdf3ea96', 'Sanjeev.jain@trigma.com', '1998-02-26', 3, '2016-03-16 17:29:01', '2016-03-16 17:29:01', 0, '', '', '', 0, '1', '1', '2015-08-25', '', 0, '', '', '', '', '', '', '', '', ''),
(147681, 'you', 'b3cac66ea63ea8b9d7e7ac88a4f9bd19fdf3ea96', 'd@gmail.com', '2015-09-26', 3, '2016-03-16 17:29:01', '2016-03-16 17:29:01', 0, '', '', '', 0, '1', '1', '2015-08-25', '', 0, '', '', '', '', '', '', '', '', ''),
(147682, 'Jenny', 'b3cac66ea63ea8b9d7e7ac88a4f9bd19fdf3ea96', 'j@gmail.com', '2015-08-30', 3, '2016-03-16 17:29:01', '2016-03-16 17:29:01', 0, '', '', '', 0, '1', '1', '2015-08-26', '', 0, '', '', '', '', '', '', '', '', ''),
(147683, 'tttt', 'b3cac66ea63ea8b9d7e7ac88a4f9bd19fdf3ea96', 'ttt@t.com', '2014-09-29', 3, '2016-03-16 17:29:01', '2016-03-16 17:29:01', 0, '', '', '', 0, '1', '1', '2015-09-28', '', 0, '', '', '', '', '', '', '', '', ''),
(147684, 'TRun', '', 'lovme4reason@gmail.com', '0000.00.00', 3, '2016-03-16 17:29:01', '2016-03-16 17:29:01', 0, '', '', '', 0, '1', '1', '2015-09-29', 'https://fbcdn-profile-a.akamaihd.net/hprofile-ak-xpa1/v/t1.0-1/p200x200/11705225_1028243927200079_4206033373686629696_n.jpg?oh=0644a846845df6087f7444229a11494a&oe=56A215A5&__gda__=1453250727_5ee9983072c3b715c052c0c5a1d3ae5c', 0, '', '', '', '', 'facebook', '1068724236485381', '', '', ''),
(147685, 'Jennifer', '', 'jenmantis@outlook.com', '0000.00.00', 3, '2016-03-16 17:29:01', '2016-03-16 17:29:01', 0, '', '', '', 0, '1', '1', '2015-09-29', 'https://fbcdn-profile-a.akamaihd.net/hprofile-ak-xpa1/v/t1.0-1/s200x200/1379841_10150004552801901_469209496895221757_n.jpg?oh=6a18134889074ba1a61ea9fc153007b5&oe=56A099F8&__gda__=1452629573_0be397ef72137f694e513c5a82264b6d', 0, '', '', '', '', 'facebook', '148861982128920', '', '', ''),
(147686, 'Allan', '', 'allan@allofus.com', '0000.00.00', 3, '2016-03-16 17:29:01', '2016-03-16 17:29:01', 0, '', '', '', 0, '1', '1', '2015-10-08', 'https://fbcdn-profile-a.akamaihd.net/hprofile-ak-xpa1/v/t1.0-1/s200x200/10354686_10150004552801856_220367501106153455_n.jpg?oh=295fb593caac181f8bf03ed7a216d7b2&oe=56994C50&__gda__=1456515666_135ddf7005ada07a39ea6c2212665f86', 0, '', '', '', '', 'facebook', '412685642253721', '', '', ''),
(147687, 'u', 'b3cac66ea63ea8b9d7e7ac88a4f9bd19fdf3ea96', 'j@j.com', '2015-12-09', 3, '2016-03-16 17:29:01', '2016-03-16 17:29:01', 0, '', '', '', 0, '1', '1', '2015-10-09', '2015-11-19-10:38:29147687image.png', 0, '', '', '', '', '', '', '', '', ''),
(147688, 'Ankur', '5e9b49161699b71c6a2aa9bcf09478185be7392d', 'ankur@gmail.com', '1992-10-15', 3, '2016-03-16 17:29:01', '2016-03-16 17:29:01', 0, '', '', '', 0, '1', '1', '2015-10-14', '', 0, '', '', '', '', '', '', '', '', ''),
(147689, '', '', 'gurudutt.sharsdma@trigma.in', '0000.00.00', 3, '2016-03-16 17:29:01', '2016-03-16 17:29:01', 0, '', '', '', 0, '1', '1', '2015-10-14', 'profileimage2.png', 0, '', '', '', '', 'facebook', '122', '', '', ''),
(147690, '', '', 'gurudutt.sharsdma@trigma.in', '0000.00.00', 3, '2016-03-16 17:29:01', '2016-03-16 17:29:01', 0, '', '', '', 0, '1', '1', '2015-10-14', 'profileimage2.png', 0, '', '', '', '', '', '', '122', '', ''),
(147691, '', '', 'lovme4reason@gmail.com', '0000.00.00', 3, '2016-03-16 17:29:01', '2016-03-16 17:29:01', 0, '', '', '', 0, '1', '1', '2015-10-14', 'profileimage2.png', 0, '', '', '', '', 'facebook', '434', '', '', ''),
(147693, 'Sanjh', '', 'sanjhagg@gmail.com', '0000.00.00', 3, '2016-03-16 17:29:01', '2016-03-16 17:29:01', 0, '', '', '', 0, '1', '1', '2015-10-14', 'https://fbcdn-profile-a.akamaihd.net/hprofile-ak-xpa1/v/t1.0-1/s200x200/1379545_352313958247333_481110766_n.jpg?oh=e59fa801f8e7b8bc22f145b9814a8241&oe=569326AF&__gda__=1451584007_5099797797b8bb67bda9b35dac30d4da', 0, '', '', '', '', 'facebook', '774133376065387', '', '', ''),
(147694, 'lol', 'b3cac66ea63ea8b9d7e7ac88a4f9bd19fdf3ea96', 'l@l.com', '2010-10-15', 3, '2016-03-16 17:29:01', '2016-03-16 17:29:01', 0, '', '', '', 0, '1', '1', '2015-10-14', '147694profileImage.png', 0, '', '', '', '', '', '', '', '', ''),
(147695, 'www', 'b3cac66ea63ea8b9d7e7ac88a4f9bd19fdf3ea96', 'w@w.com', '2010-10-15', 3, '2016-03-16 17:29:01', '2016-03-16 17:29:01', 0, '', '', '', 0, '1', '1', '2015-10-14', '', 0, '', '', '', '', '', '', '', '', ''),
(147696, 'Trun', '', 'a@gmail.com', '0000.00.00', 3, '2016-03-16 17:29:01', '2016-03-16 17:29:01', 0, '', '', '', 0, '1', '1', '2015-10-30', 'a.png', 0, '', '', '', '', 'facebook', '12as34', '', '', ''),
(147697, '', '', 'avamitverma77@gmail.com', '0000.00.00', 3, '2016-03-16 17:29:01', '2016-03-16 17:29:01', 0, '', '', '', 0, '1', '1', '2015-10-30', 'https://fbcdn-profile-a.akamaihd.net/hprofile-ak-xpa1/v/t1.0-1/p200x200/12074990_876860072389901_4105092999217266662_n.jpg?oh=8c0da68bb2b93056e3789d27769b3ab1&oe=56CC1713&__gda__=1456200878_2f8d8cbd462df1b93747164c4b2d66af', 0, '', '', '', '', 'facebook', '889312444477997', '', '', ''),
(147698, 'l', 'b3cac66ea63ea8b9d7e7ac88a4f9bd19fdf3ea96', 'y@y.com', '2011-11-02', 3, '2016-03-16 17:29:01', '2016-03-16 17:29:01', 0, '', '', '', 0, '1', '1', '2015-11-02', '', 0, '', '', '', '', '', '', '', '', ''),
(147699, 'z', 'b3cac66ea63ea8b9d7e7ac88a4f9bd19fdf3ea96', 'u@u.com', '1987-11-02', 3, '2016-03-16 17:29:01', '2016-03-16 17:29:01', 0, '', '', '', 0, '1', '1', '2015-11-02', '', 0, '', '', '', '', '', '', '', '', ''),
(147700, 't', 'b3cac66ea63ea8b9d7e7ac88a4f9bd19fdf3ea96', 's@s.com', '2011-11-03', 3, '2016-03-16 17:29:01', '2016-03-16 17:29:01', 0, '', '', '', 0, '1', '1', '2015-11-02', '', 0, '', '', '', '', '', '', '', '', ''),
(147701, 'ghh', 'b3cac66ea63ea8b9d7e7ac88a4f9bd19fdf3ea96', 'f@f.co', '2012-11-03', 3, '2016-03-16 17:29:01', '2016-03-16 17:29:01', 0, '', '', '', 0, '1', '1', '2015-11-02', '', 0, '', '', '', '', '', '', '', '', ''),
(147702, 'hi', 'b3cac66ea63ea8b9d7e7ac88a4f9bd19fdf3ea96', 'e@e.co', '2001-11-04', 3, '2016-03-16 17:29:01', '2016-03-16 17:29:01', 0, '', '', '', 0, '1', '1', '2015-11-03', '', 0, '', '', '', '', '', '', '', '', ''),
(147703, '', '', 'amansetiaios@gmail.com', '0000.00.00', 3, '2016-03-16 17:29:01', '2016-03-16 17:29:01', 0, '', '', '', 0, '1', '1', '2015-12-24', 'https://fbcdn-profile-a.akamaihd.net/hprofile-ak-xtl1/v/t1.0-1/p200x200/12294749_1639397702991561_1589278693257501334_n.jpg?oh=46ce01e345d857c725b9420f741b77fd&oe=571A53E8&__gda__=1460172080_a85345da5b5f620e64adcbb41b03085a', 0, '', '', '', '', 'facebook', '1631555443775787', '', '', '');

-- --------------------------------------------------------

--
-- Table structure for table `user_click_counts`
--

CREATE TABLE IF NOT EXISTS `user_click_counts` (
  `id` int(11) NOT NULL AUTO_INCREMENT,
  `user_id` int(11) NOT NULL,
  `count` int(11) NOT NULL,
  `click_time` varchar(255) CHARACTER SET utf8 COLLATE utf8_unicode_ci NOT NULL,
  `cron_time` varchar(255) CHARACTER SET utf8 COLLATE utf8_unicode_ci NOT NULL,
  PRIMARY KEY (`id`)
) ENGINE=MyISAM  DEFAULT CHARSET=latin1 AUTO_INCREMENT=35 ;

--
-- Dumping data for table `user_click_counts`
--

INSERT INTO `user_click_counts` (`id`, `user_id`, `count`, `click_time`, `cron_time`) VALUES
(8, 208, 0, '2016-03-16 07:00:01', ''),
(9, 2248, 0, '2016-03-16 07:00:01', ''),
(10, 4010, 0, '2016-03-16 07:00:01', ''),
(11, 4054, 0, '2016-03-16 07:00:01', ''),
(12, 2240, 0, '2016-03-16 07:00:01', ''),
(13, 4140, 0, '2016-03-16 07:00:01', ''),
(14, 4142, 0, '2016-03-16 07:00:01', ''),
(15, 4145, 0, '2016-03-16 07:00:01', ''),
(16, 4153, 0, '2016-03-16 07:00:01', ''),
(17, 4154, 0, '2016-03-16 07:00:01', ''),
(18, 2247, 0, '2016-03-16 07:00:01', ''),
(19, 147672, 0, '2016-03-16 07:00:01', ''),
(20, 147677, 0, '2016-03-16 07:00:01', ''),
(21, 147680, 0, '2016-03-16 07:00:01', ''),
(22, 147681, 0, '2016-03-16 07:00:01', ''),
(23, 147679, 0, '2016-03-16 07:00:01', ''),
(24, 147683, 0, '2016-03-16 07:00:01', ''),
(25, 147684, 0, '2016-03-16 07:00:01', ''),
(26, 147687, 0, '2016-03-16 07:00:01', ''),
(27, 147695, 0, '2016-03-16 07:00:01', ''),
(28, 147698, 0, '2016-03-16 07:00:01', ''),
(29, 147699, 0, '2016-03-16 07:00:01', ''),
(30, 147697, 0, '2016-03-16 07:00:01', ''),
(31, 147700, 0, '2016-03-16 07:00:01', ''),
(32, 147701, 0, '2016-03-16 07:00:01', ''),
(33, 2243, 0, '2016-03-16 07:00:01', ''),
(34, 147703, 0, '2016-03-16 07:00:01', '');

-- --------------------------------------------------------

--
-- Table structure for table `user_power_ups`
--

CREATE TABLE IF NOT EXISTS `user_power_ups` (
  `id` int(11) NOT NULL AUTO_INCREMENT,
  `user_id` int(11) NOT NULL,
  `power_up_id` int(11) NOT NULL,
  `remaining` int(11) NOT NULL,
  PRIMARY KEY (`id`)
) ENGINE=InnoDB  DEFAULT CHARSET=latin1 AUTO_INCREMENT=141 ;

--
-- Dumping data for table `user_power_ups`
--

INSERT INTO `user_power_ups` (`id`, `user_id`, `power_up_id`, `remaining`) VALUES
(1, 147671, 1, 5),
(2, 147671, 2, 3),
(3, 147671, 3, 3),
(4, 147671, 4, 3),
(5, 147672, 1, 3),
(6, 147672, 2, 3),
(7, 147672, 3, 3),
(8, 147672, 4, 3),
(9, 147673, 1, 5),
(10, 147673, 2, 3),
(11, 147673, 3, 3),
(12, 147673, 4, 1),
(13, 147674, 1, 4),
(14, 147674, 2, 4),
(15, 147674, 3, 3),
(16, 147674, 4, 3),
(17, 147675, 1, 5),
(18, 147675, 2, 5),
(19, 147675, 3, 3),
(20, 147675, 4, 2),
(21, 147676, 1, 6),
(22, 147676, 2, 5),
(23, 147676, 3, 3),
(24, 147676, 4, 5),
(25, 147677, 1, 0),
(26, 147677, 2, 1),
(27, 147677, 3, 6),
(28, 147677, 4, 4),
(29, 147678, 1, 10),
(30, 147678, 2, 3),
(31, 147678, 3, 6),
(32, 147678, 4, 6),
(33, 147679, 1, 4),
(34, 147679, 2, 5),
(35, 147679, 3, 3),
(36, 147679, 4, 2),
(37, 2240, 2, 58),
(38, 147680, 1, 101),
(39, 147680, 2, 15),
(40, 147680, 3, 15),
(41, 147680, 4, 12),
(42, 147681, 1, 10),
(43, 147681, 2, 3),
(44, 147681, 3, 2),
(45, 147681, 4, 3),
(46, 2240, 1, 62),
(47, 147682, 1, 29),
(48, 147682, 2, 12),
(49, 147682, 3, 12),
(50, 147682, 4, 12),
(51, 2240, 3, 12),
(52, 2240, 4, 21),
(53, 147683, 1, 2),
(54, 147683, 2, 15),
(55, 147683, 3, 7),
(56, 147683, 4, 6),
(57, 147684, 1, 27),
(58, 147684, 2, 34),
(59, 147684, 3, 5),
(60, 147684, 4, 19),
(61, 147685, 1, 5),
(62, 147685, 2, 3),
(63, 147685, 3, 3),
(64, 147685, 4, 3),
(65, 147686, 1, 5),
(66, 147686, 2, 3),
(67, 147686, 3, 3),
(68, 147686, 4, 3),
(69, 147687, 1, 69),
(70, 147687, 2, 44),
(71, 147687, 3, 11),
(72, 147687, 4, 4),
(73, 147688, 1, 5),
(74, 147688, 2, 3),
(75, 147688, 3, 3),
(76, 147688, 4, 3),
(77, 147689, 1, 5),
(78, 147689, 2, 3),
(79, 147689, 3, 3),
(80, 147689, 4, 3),
(81, 147690, 1, 5),
(82, 147690, 2, 3),
(83, 147690, 3, 3),
(84, 147690, 4, 3),
(85, 147691, 1, 5),
(86, 147691, 2, 3),
(87, 147691, 3, 3),
(88, 147691, 4, 3),
(89, 147692, 1, 5),
(90, 147692, 2, 3),
(91, 147692, 3, 3),
(92, 147692, 4, 3),
(93, 147693, 1, 10),
(94, 147693, 2, 11),
(95, 147693, 3, 11),
(96, 147693, 4, 0),
(97, 147694, 1, 35),
(98, 147694, 2, 14),
(99, 147694, 3, 69),
(100, 147694, 4, 14),
(101, 147695, 1, 63),
(102, 147695, 2, 19),
(103, 147695, 3, 20),
(104, 147695, 4, 16),
(105, 147696, 1, 5),
(106, 147696, 2, 3),
(107, 147696, 3, 3),
(108, 147696, 4, 3),
(109, 2243, 2, 44),
(110, 2243, 4, 56),
(111, 147697, 1, 2),
(112, 147697, 2, 2),
(113, 147697, 3, 3),
(114, 147697, 4, 2),
(115, 2243, 1, 106),
(116, 147698, 1, 44),
(117, 147698, 2, 14),
(118, 147698, 3, 16),
(119, 147698, 4, 24),
(120, 147699, 1, 24),
(121, 147699, 2, 10),
(122, 147699, 3, 9),
(123, 147699, 4, 15),
(124, 147700, 1, 15),
(125, 147700, 2, 3),
(126, 147700, 3, 6),
(127, 147700, 4, 4),
(128, 147701, 1, 222),
(129, 147701, 2, 57),
(130, 147701, 3, 30),
(131, 147701, 4, 81),
(132, 147702, 1, 15),
(133, 147702, 2, 12),
(134, 147702, 3, 3),
(135, 147702, 4, 6),
(136, 2243, 3, 56),
(137, 147703, 1, 5),
(138, 147703, 2, 3),
(139, 147703, 3, 3),
(140, 147703, 4, 3);

-- --------------------------------------------------------

--
-- Table structure for table `user_types`
--

CREATE TABLE IF NOT EXISTS `user_types` (
  `id` int(11) NOT NULL AUTO_INCREMENT,
  `group_name` varchar(250) NOT NULL,
  `Authorities` varchar(250) NOT NULL,
  `status` tinyint(1) NOT NULL,
  PRIMARY KEY (`id`)
) ENGINE=MyISAM  DEFAULT CHARSET=latin1 AUTO_INCREMENT=7 ;

--
-- Dumping data for table `user_types`
--

INSERT INTO `user_types` (`id`, `group_name`, `Authorities`, `status`) VALUES
(5, 'Administrators', 'All', 1),
(6, 'users', 'Few', 1);

/*!40101 SET CHARACTER_SET_CLIENT=@OLD_CHARACTER_SET_CLIENT */;
/*!40101 SET CHARACTER_SET_RESULTS=@OLD_CHARACTER_SET_RESULTS */;
/*!40101 SET COLLATION_CONNECTION=@OLD_COLLATION_CONNECTION */;
